HITId,HITTypeId,Title,Description,Keywords,Reward,CreationTime,MaxAssignments,RequesterAnnotation,AssignmentDurationInSeconds,AutoApprovalDelayInSeconds,Expiration,NumberOfSimilarHITs,LifetimeInSeconds,AssignmentId,WorkerId,AssignmentStatus,AcceptTime,SubmitTime,AutoApprovalTime,ApprovalTime,RejectionTime,RequesterFeedback,WorkTimeInSeconds,LifetimeApprovalRate,Last30DaysApprovalRate,Last7DaysApprovalRate,Input.gifPrefix,Answer.answer1,Answer.answer2,Answer.answer3,Approve,Reject,,average1,average2,average3,,average(average),,stddev1,stddev2,stddev3,,average(standard)
3Y7LTZE0YUN28Y6S3G8KSRXP5QJZUD,3J684U0BLNQ22QIBMB1UNL8IG2DGGK,Rate similarity of GIFs,Rate overall similarity between the content of two GIFs,"image, gif, similarity, rate",$0.10,Tue Apr 04 10:26:40 PDT 2017,25,BatchId:2752176;,1800,60,Tue Apr 11 10:26:40 PDT 2017,,,3180JW2OT5DXAO83AV2RK5C12UDJ5B,A2MKXI4KCRRI7Y,Approved,Tue Apr 04 10:34:35 PDT 2017,Tue Apr 04 10:34:58 PDT 2017,Tue Apr 04 10:35:58 PDT 2017,2017-04-04 17:36:06 UTC,,,23,100% (3/3),100% (3/3),100% (3/3),demonstration_,7,4,5,,,,5.04,5.16,4.32,,4.84,,1.6703293088,1.598957994,1.9087517736,,1.7260130255
3Y7LTZE0YUN28Y6S3G8KSRXP5QJZUD,3J684U0BLNQ22QIBMB1UNL8IG2DGGK,Rate similarity of GIFs,Rate overall similarity between the content of two GIFs,"image, gif, similarity, rate",$0.10,Tue Apr 04 10:26:40 PDT 2017,25,BatchId:2752176;,1800,60,Tue Apr 11 10:26:40 PDT 2017,,,323Q6SJS8JHTLF62S7CFU4NZEWMFHK,A2ALWT2BUSXD83,Approved,Tue Apr 04 10:29:41 PDT 2017,Tue Apr 04 10:30:41 PDT 2017,Tue Apr 04 10:31:41 PDT 2017,2017-04-04 17:32:06 UTC,,,60,100% (1/1),100% (1/1),100% (1/1),demonstration_,4,3,3,,,,,,,,,,,,,,
3Y7LTZE0YUN28Y6S3G8KSRXP5QJZUD,3J684U0BLNQ22QIBMB1UNL8IG2DGGK,Rate similarity of GIFs,Rate overall similarity between the content of two GIFs,"image, gif, similarity, rate",$0.10,Tue Apr 04 10:26:40 PDT 2017,25,BatchId:2752176;,1800,60,Tue Apr 11 10:26:40 PDT 2017,,,35H6S234SB1LMTTWQC82B17WGO065Z,A27PVIL93ZMY46,Approved,Tue Apr 04 11:40:38 PDT 2017,Tue Apr 04 11:41:30 PDT 2017,Tue Apr 04 11:42:30 PDT 2017,2017-04-04 18:43:06 UTC,,,52,100% (2/2),100% (2/2),100% (2/2),demonstration_,3,8,7,,,,,,,,,,,,,,
3Y7LTZE0YUN28Y6S3G8KSRXP5QJZUD,3J684U0BLNQ22QIBMB1UNL8IG2DGGK,Rate similarity of GIFs,Rate overall similarity between the content of two GIFs,"image, gif, similarity, rate",$0.10,Tue Apr 04 10:26:40 PDT 2017,25,BatchId:2752176;,1800,60,Tue Apr 11 10:26:40 PDT 2017,,,3C6FJU71TRU4QSTHXWB224J5EFFYU2,A31Z5TPD8QKE26,Approved,Tue Apr 04 10:41:13 PDT 2017,Tue Apr 04 10:42:15 PDT 2017,Tue Apr 04 10:43:15 PDT 2017,2017-04-04 17:44:06 UTC,,,62,100% (3/3),100% (3/3),100% (3/3),demonstration_,4,6,2,,,,,,,,,,,,,,
3Y7LTZE0YUN28Y6S3G8KSRXP5QJZUD,3J684U0BLNQ22QIBMB1UNL8IG2DGGK,Rate similarity of GIFs,Rate overall similarity between the content of two GIFs,"image, gif, similarity, rate",$0.10,Tue Apr 04 10:26:40 PDT 2017,25,BatchId:2752176;,1800,60,Tue Apr 11 10:26:40 PDT 2017,,,3G5F9DBFOQYIHCSSSMHJCQQL2QEVHS,A1NM7ZPZ3NH412,Approved,Tue Apr 04 11:13:11 PDT 2017,Tue Apr 04 11:14:11 PDT 2017,Tue Apr 04 11:15:11 PDT 2017,2017-04-04 18:16:06 UTC,,,60,100% (3/3),100% (3/3),100% (3/3),demonstration_,5,4,6,,,,,,,,,,,,,,
3Y7LTZE0YUN28Y6S3G8KSRXP5QJZUD,3J684U0BLNQ22QIBMB1UNL8IG2DGGK,Rate similarity of GIFs,Rate overall similarity between the content of two GIFs,"image, gif, similarity, rate",$0.10,Tue Apr 04 10:26:40 PDT 2017,25,BatchId:2752176;,1800,60,Tue Apr 11 10:26:40 PDT 2017,,,3GDTJDAPVVC6YEXQBQMMCHE98E98M6,A1U5BE8XJRXKW3,Approved,Tue Apr 04 10:33:04 PDT 2017,Tue Apr 04 10:33:26 PDT 2017,Tue Apr 04 10:34:26 PDT 2017,2017-04-04 17:35:06 UTC,,,22,100% (3/3),100% (3/3),100% (3/3),demonstration_,7,6,1,,,,,,,,,,,,,,
3Y7LTZE0YUN28Y6S3G8KSRXP5QJZUD,3J684U0BLNQ22QIBMB1UNL8IG2DGGK,Rate similarity of GIFs,Rate overall similarity between the content of two GIFs,"image, gif, similarity, rate",$0.10,Tue Apr 04 10:26:40 PDT 2017,25,BatchId:2752176;,1800,60,Tue Apr 11 10:26:40 PDT 2017,,,3HWRJOOET63Q5AKM8Q48G091B6OSE0,A1RWNYJA5X25YH,Approved,Tue Apr 04 10:30:24 PDT 2017,Tue Apr 04 10:31:21 PDT 2017,Tue Apr 04 10:32:21 PDT 2017,2017-04-04 17:33:06 UTC,,,57,100% (2/2),100% (2/2),100% (2/2),demonstration_,2,4,7,,,,,,,,,,,,,,
3Y7LTZE0YUN28Y6S3G8KSRXP5QJZUD,3J684U0BLNQ22QIBMB1UNL8IG2DGGK,Rate similarity of GIFs,Rate overall similarity between the content of two GIFs,"image, gif, similarity, rate",$0.10,Tue Apr 04 10:26:40 PDT 2017,25,BatchId:2752176;,1800,60,Tue Apr 11 10:26:40 PDT 2017,,,3J88R45B2HZ2YIVBBEQ69KPX4SSPXQ,A3F90N8YVKJ4I7,Approved,Tue Apr 04 10:28:37 PDT 2017,Tue Apr 04 10:30:39 PDT 2017,Tue Apr 04 10:31:39 PDT 2017,2017-04-04 17:32:06 UTC,,,122,100% (3/3),100% (3/3),100% (3/3),demonstration_,8,3,4,,,,,,,,,,,,,,
3Y7LTZE0YUN28Y6S3G8KSRXP5QJZUD,3J684U0BLNQ22QIBMB1UNL8IG2DGGK,Rate similarity of GIFs,Rate overall similarity between the content of two GIFs,"image, gif, similarity, rate",$0.10,Tue Apr 04 10:26:40 PDT 2017,25,BatchId:2752176;,1800,60,Tue Apr 11 10:26:40 PDT 2017,,,3JZQSN0I3RBFLJBR81UX94BYZWAGFN,A1EYJNJFSRMDWW,Approved,Tue Apr 04 10:33:31 PDT 2017,Tue Apr 04 10:45:06 PDT 2017,Tue Apr 04 10:46:06 PDT 2017,2017-04-04 17:47:06 UTC,,,695,100% (3/3),100% (3/3),100% (3/3),demonstration_,3,3,2,,,,,,,,,,,,,,
3Y7LTZE0YUN28Y6S3G8KSRXP5QJZUD,3J684U0BLNQ22QIBMB1UNL8IG2DGGK,Rate similarity of GIFs,Rate overall similarity between the content of two GIFs,"image, gif, similarity, rate",$0.10,Tue Apr 04 10:26:40 PDT 2017,25,BatchId:2752176;,1800,60,Tue Apr 11 10:26:40 PDT 2017,,,3NOKK93PR29PVRF47VK3RJ5MAFMEES,A1GFXYY05FGKH7,Approved,Tue Apr 04 11:33:22 PDT 2017,Tue Apr 04 11:33:43 PDT 2017,Tue Apr 04 11:34:43 PDT 2017,2017-04-04 18:35:06 UTC,,,21,100% (3/3),100% (3/3),100% (3/3),demonstration_,6,5,2,,,,,,,,,,,,,,
3Y7LTZE0YUN28Y6S3G8KSRXP5QJZUD,3J684U0BLNQ22QIBMB1UNL8IG2DGGK,Rate similarity of GIFs,Rate overall similarity between the content of two GIFs,"image, gif, similarity, rate",$0.10,Tue Apr 04 10:26:40 PDT 2017,25,BatchId:2752176;,1800,60,Tue Apr 11 10:26:40 PDT 2017,,,3NPI0JQDAP6VH1MR64P9KH4RRW4PT7,A2653BIPJKEMRK,Approved,Tue Apr 04 10:28:57 PDT 2017,Tue Apr 04 10:29:14 PDT 2017,Tue Apr 04 10:30:14 PDT 2017,2017-04-04 17:31:06 UTC,,,17,100% (3/3),100% (3/3),100% (3/3),demonstration_,5,6,7,,,,,,,,,,,,,,
3Y7LTZE0YUN28Y6S3G8KSRXP5QJZUD,3J684U0BLNQ22QIBMB1UNL8IG2DGGK,Rate similarity of GIFs,Rate overall similarity between the content of two GIFs,"image, gif, similarity, rate",$0.10,Tue Apr 04 10:26:40 PDT 2017,25,BatchId:2752176;,1800,60,Tue Apr 11 10:26:40 PDT 2017,,,3OUYGIZWR8ZU1SP0821Z062MULF0PE,A2NJ7N8INZOB00,Approved,Tue Apr 04 11:39:33 PDT 2017,Tue Apr 04 11:39:54 PDT 2017,Tue Apr 04 11:40:54 PDT 2017,2017-04-04 18:41:07 UTC,,,21,100% (3/3),100% (3/3),100% (3/3),demonstration_,7,4,6,,,,,,,,,,,,,,
3Y7LTZE0YUN28Y6S3G8KSRXP5QJZUD,3J684U0BLNQ22QIBMB1UNL8IG2DGGK,Rate similarity of GIFs,Rate overall similarity between the content of two GIFs,"image, gif, similarity, rate",$0.10,Tue Apr 04 10:26:40 PDT 2017,25,BatchId:2752176;,1800,60,Tue Apr 11 10:26:40 PDT 2017,,,3PH3VY7DJMYHNMSROISMYZD45PTZWS,A2PXJTMWGUE5DC,Approved,Tue Apr 04 10:30:33 PDT 2017,Tue Apr 04 10:31:07 PDT 2017,Tue Apr 04 10:32:07 PDT 2017,2017-04-04 17:33:06 UTC,,,34,100% (3/3),100% (3/3),100% (3/3),demonstration_,3,4,4,,,,,,,,,,,,,,
3Y7LTZE0YUN28Y6S3G8KSRXP5QJZUD,3J684U0BLNQ22QIBMB1UNL8IG2DGGK,Rate similarity of GIFs,Rate overall similarity between the content of two GIFs,"image, gif, similarity, rate",$0.10,Tue Apr 04 10:26:40 PDT 2017,25,BatchId:2752176;,1800,60,Tue Apr 11 10:26:40 PDT 2017,,,3Q5C1WP23N2QF7SZK6WLG5GF8DD15P,A2TRT2GUCLEHR2,Approved,Tue Apr 04 10:33:05 PDT 2017,Tue Apr 04 10:33:29 PDT 2017,Tue Apr 04 10:34:29 PDT 2017,2017-04-04 17:35:06 UTC,,,24,100% (3/3),100% (3/3),100% (3/3),demonstration_,5,5,2,,,,,,,,,,,,,,
3Y7LTZE0YUN28Y6S3G8KSRXP5QJZUD,3J684U0BLNQ22QIBMB1UNL8IG2DGGK,Rate similarity of GIFs,Rate overall similarity between the content of two GIFs,"image, gif, similarity, rate",$0.10,Tue Apr 04 10:26:40 PDT 2017,25,BatchId:2752176;,1800,60,Tue Apr 11 10:26:40 PDT 2017,,,3Q8GYXHFEQ3A2A2X03L5X1Z6CA3C5P,A3MZ9RQJX9T656,Approved,Tue Apr 04 10:27:01 PDT 2017,Tue Apr 04 10:27:31 PDT 2017,Tue Apr 04 10:28:31 PDT 2017,2017-04-04 17:29:06 UTC,,,30,100% (2/2),100% (2/2),100% (2/2),demonstration_,4,8,6,,,,,,,,,,,,,,
3Y7LTZE0YUN28Y6S3G8KSRXP5QJZUD,3J684U0BLNQ22QIBMB1UNL8IG2DGGK,Rate similarity of GIFs,Rate overall similarity between the content of two GIFs,"image, gif, similarity, rate",$0.10,Tue Apr 04 10:26:40 PDT 2017,25,BatchId:2752176;,1800,60,Tue Apr 11 10:26:40 PDT 2017,,,3QEMNNSB2Y0ZU6MUOSVDFRVKOGF7D4,A3862RIFFUV141,Approved,Tue Apr 04 11:21:56 PDT 2017,Tue Apr 04 11:22:42 PDT 2017,Tue Apr 04 11:23:42 PDT 2017,2017-04-04 18:24:06 UTC,,,46,100% (3/3),100% (3/3),100% (3/3),demonstration_,7,8,6,,,,,,,,,,,,,,
3Y7LTZE0YUN28Y6S3G8KSRXP5QJZUD,3J684U0BLNQ22QIBMB1UNL8IG2DGGK,Rate similarity of GIFs,Rate overall similarity between the content of two GIFs,"image, gif, similarity, rate",$0.10,Tue Apr 04 10:26:40 PDT 2017,25,BatchId:2752176;,1800,60,Tue Apr 11 10:26:40 PDT 2017,,,3QXNC7EIPJW9959TRD52EG27PHW09I,A3EJ44J2ZNRMDA,Approved,Tue Apr 04 11:34:03 PDT 2017,Tue Apr 04 11:34:37 PDT 2017,Tue Apr 04 11:35:37 PDT 2017,2017-04-04 18:36:06 UTC,,,34,100% (3/3),100% (3/3),100% (3/3),demonstration_,6,7,4,,,,,,,,,,,,,,
3Y7LTZE0YUN28Y6S3G8KSRXP5QJZUD,3J684U0BLNQ22QIBMB1UNL8IG2DGGK,Rate similarity of GIFs,Rate overall similarity between the content of two GIFs,"image, gif, similarity, rate",$0.10,Tue Apr 04 10:26:40 PDT 2017,25,BatchId:2752176;,1800,60,Tue Apr 11 10:26:40 PDT 2017,,,3QY5DC2MXSLYQ1CMS6JEDJCP84OUF0,AOAZMLP27GD81,Approved,Tue Apr 04 10:29:20 PDT 2017,Tue Apr 04 10:30:08 PDT 2017,Tue Apr 04 10:31:08 PDT 2017,2017-04-04 17:32:06 UTC,,,48,100% (3/3),100% (3/3),100% (3/3),demonstration_,6,5,4,,,,,,,,,,,,,,
3Y7LTZE0YUN28Y6S3G8KSRXP5QJZUD,3J684U0BLNQ22QIBMB1UNL8IG2DGGK,Rate similarity of GIFs,Rate overall similarity between the content of two GIFs,"image, gif, similarity, rate",$0.10,Tue Apr 04 10:26:40 PDT 2017,25,BatchId:2752176;,1800,60,Tue Apr 11 10:26:40 PDT 2017,,,3SEPORI8WO0KG9PONDWUGAGDD6RAZT,ANMXMEB55AGM6,Approved,Tue Apr 04 10:32:50 PDT 2017,Tue Apr 04 10:33:14 PDT 2017,Tue Apr 04 10:34:14 PDT 2017,2017-04-04 17:35:06 UTC,,,24,100% (15/15),100% (3/3),100% (3/3),demonstration_,6,6,3,,,,,,,,,,,,,,
3Y7LTZE0YUN28Y6S3G8KSRXP5QJZUD,3J684U0BLNQ22QIBMB1UNL8IG2DGGK,Rate similarity of GIFs,Rate overall similarity between the content of two GIFs,"image, gif, similarity, rate",$0.10,Tue Apr 04 10:26:40 PDT 2017,25,BatchId:2752176;,1800,60,Tue Apr 11 10:26:40 PDT 2017,,,3UWN2HHPUZ6UZGXZ1P7R6N3APYPNSK,A3RR85PK3AV9TU,Approved,Tue Apr 04 10:30:08 PDT 2017,Tue Apr 04 10:30:54 PDT 2017,Tue Apr 04 10:31:54 PDT 2017,2017-04-04 17:32:07 UTC,,,46,100% (3/3),100% (3/3),100% (3/3),demonstration_,6,4,4,,,,,,,,,,,,,,
3Y7LTZE0YUN28Y6S3G8KSRXP5QJZUD,3J684U0BLNQ22QIBMB1UNL8IG2DGGK,Rate similarity of GIFs,Rate overall similarity between the content of two GIFs,"image, gif, similarity, rate",$0.10,Tue Apr 04 10:26:40 PDT 2017,25,BatchId:2752176;,1800,60,Tue Apr 11 10:26:40 PDT 2017,,,3VHP9MDGROL247VM6FYEJDQJ14HFCB,A2OAZPREKF6PQR,Approved,Tue Apr 04 10:29:23 PDT 2017,Tue Apr 04 10:29:38 PDT 2017,Tue Apr 04 10:30:38 PDT 2017,2017-04-04 17:31:06 UTC,,,15,100% (3/3),100% (3/3),100% (3/3),demonstration_,3,3,5,,,,,,,,,,,,,,
3Y7LTZE0YUN28Y6S3G8KSRXP5QJZUD,3J684U0BLNQ22QIBMB1UNL8IG2DGGK,Rate similarity of GIFs,Rate overall similarity between the content of two GIFs,"image, gif, similarity, rate",$0.10,Tue Apr 04 10:26:40 PDT 2017,25,BatchId:2752176;,1800,60,Tue Apr 11 10:26:40 PDT 2017,,,3VW6495TLK1L71DM7X8R5PPIA3VYY5,A3QC57KUVJP5EW,Approved,Tue Apr 04 11:30:23 PDT 2017,Tue Apr 04 11:30:40 PDT 2017,Tue Apr 04 11:31:40 PDT 2017,2017-04-04 18:32:06 UTC,,,17,100% (3/3),100% (3/3),100% (3/3),demonstration_,5,5,6,,,,,,,,,,,,,,
3Y7LTZE0YUN28Y6S3G8KSRXP5QJZUD,3J684U0BLNQ22QIBMB1UNL8IG2DGGK,Rate similarity of GIFs,Rate overall similarity between the content of two GIFs,"image, gif, similarity, rate",$0.10,Tue Apr 04 10:26:40 PDT 2017,25,BatchId:2752176;,1800,60,Tue Apr 11 10:26:40 PDT 2017,,,3WEV0KO0ONTLD46MCVTOAIRGBUNSD7,A27MJOV91GA8R3,Approved,Tue Apr 04 10:30:23 PDT 2017,Tue Apr 04 10:30:37 PDT 2017,Tue Apr 04 10:31:37 PDT 2017,2017-04-04 17:32:06 UTC,,,14,100% (3/3),100% (3/3),100% (3/3),demonstration_,7,6,6,,,,,,,,,,,,,,
3Y7LTZE0YUN28Y6S3G8KSRXP5QJZUD,3J684U0BLNQ22QIBMB1UNL8IG2DGGK,Rate similarity of GIFs,Rate overall similarity between the content of two GIFs,"image, gif, similarity, rate",$0.10,Tue Apr 04 10:26:40 PDT 2017,25,BatchId:2752176;,1800,60,Tue Apr 11 10:26:40 PDT 2017,,,3YMTUJH0DTH9S8088KXLHJTW008T4K,AM7FYVGVOEP66,Approved,Tue Apr 04 10:31:20 PDT 2017,Tue Apr 04 10:31:39 PDT 2017,Tue Apr 04 10:32:39 PDT 2017,2017-04-04 17:33:06 UTC,,,19,100% (3/3),100% (3/3),100% (3/3),demonstration_,3,5,1,,,,,,,,,,,,,,
3Y7LTZE0YUN28Y6S3G8KSRXP5QJZUD,3J684U0BLNQ22QIBMB1UNL8IG2DGGK,Rate similarity of GIFs,Rate overall similarity between the content of two GIFs,"image, gif, similarity, rate",$0.10,Tue Apr 04 10:26:40 PDT 2017,25,BatchId:2752176;,1800,60,Tue Apr 11 10:26:40 PDT 2017,,,3ZDAD0O1T2E0QAOISVZQEUQUTVDXT3,A3RYI5HXC2MJLN,Approved,Tue Apr 04 10:31:13 PDT 2017,Tue Apr 04 10:34:46 PDT 2017,Tue Apr 04 10:35:46 PDT 2017,2017-04-04 17:36:06 UTC,,,213,100% (3/3),100% (3/3),100% (3/3),demonstration_,4,7,5,,,,,,,,,,,,,,
3HEA4ZVWVENNG5WOVRTWVBYE5AJ55V,3J684U0BLNQ22QIBMB1UNL8IG2DGGK,Rate similarity of GIFs,Rate overall similarity between the content of two GIFs,"image, gif, similarity, rate",$0.10,Tue Apr 04 10:26:40 PDT 2017,25,BatchId:2752176;,1800,60,Tue Apr 11 10:26:40 PDT 2017,,,378XPAWRUDEYLJ0EN988GFDNHTOIA3,A27MJOV91GA8R3,Approved,Tue Apr 04 10:30:01 PDT 2017,Tue Apr 04 10:30:22 PDT 2017,Tue Apr 04 10:31:22 PDT 2017,2017-04-04 17:32:06 UTC,,,21,100% (3/3),100% (3/3),100% (3/3),unguided,2,5,6,,,,2.6,2.76,3.52,,2.96,,1.5,1.5351438586,1.939071943,,1.6580719339
3HEA4ZVWVENNG5WOVRTWVBYE5AJ55V,3J684U0BLNQ22QIBMB1UNL8IG2DGGK,Rate similarity of GIFs,Rate overall similarity between the content of two GIFs,"image, gif, similarity, rate",$0.10,Tue Apr 04 10:26:40 PDT 2017,25,BatchId:2752176;,1800,60,Tue Apr 11 10:26:40 PDT 2017,,,37Z929RLGA9SUT2JYLT3FM92EGFTSV,A1NM7ZPZ3NH412,Approved,Tue Apr 04 11:14:11 PDT 2017,Tue Apr 04 11:14:29 PDT 2017,Tue Apr 04 11:15:29 PDT 2017,2017-04-04 18:16:06 UTC,,,18,100% (3/3),100% (3/3),100% (3/3),unguided,1,1,4,,,,,,,,,,,,,,
3HEA4ZVWVENNG5WOVRTWVBYE5AJ55V,3J684U0BLNQ22QIBMB1UNL8IG2DGGK,Rate similarity of GIFs,Rate overall similarity between the content of two GIFs,"image, gif, similarity, rate",$0.10,Tue Apr 04 10:26:40 PDT 2017,25,BatchId:2752176;,1800,60,Tue Apr 11 10:26:40 PDT 2017,,,38F5OAUN5ODG6MRWAOE36CAIG8A7HF,A3EJ44J2ZNRMDA,Approved,Tue Apr 04 11:34:40 PDT 2017,Tue Apr 04 11:35:02 PDT 2017,Tue Apr 04 11:36:02 PDT 2017,2017-04-04 18:36:06 UTC,,,22,100% (3/3),100% (3/3),100% (3/3),unguided,1,3,2,,,,,,,,,,,,,,
3HEA4ZVWVENNG5WOVRTWVBYE5AJ55V,3J684U0BLNQ22QIBMB1UNL8IG2DGGK,Rate similarity of GIFs,Rate overall similarity between the content of two GIFs,"image, gif, similarity, rate",$0.10,Tue Apr 04 10:26:40 PDT 2017,25,BatchId:2752176;,1800,60,Tue Apr 11 10:26:40 PDT 2017,,,3AQF3RZ559JDOQMLWOLBXDY95I86FC,A31Z5TPD8QKE26,Approved,Tue Apr 04 10:42:17 PDT 2017,Tue Apr 04 10:43:00 PDT 2017,Tue Apr 04 10:44:00 PDT 2017,2017-04-04 17:44:06 UTC,,,43,100% (3/3),100% (3/3),100% (3/3),unguided,5,2,2,,,,,,,,,,,,,,
3HEA4ZVWVENNG5WOVRTWVBYE5AJ55V,3J684U0BLNQ22QIBMB1UNL8IG2DGGK,Rate similarity of GIFs,Rate overall similarity between the content of two GIFs,"image, gif, similarity, rate",$0.10,Tue Apr 04 10:26:40 PDT 2017,25,BatchId:2752176;,1800,60,Tue Apr 11 10:26:40 PDT 2017,,,3ATTHHXXWBPAHW87YJ0M0NOLIEXIX7,A3RYI5HXC2MJLN,Approved,Tue Apr 04 10:31:21 PDT 2017,Tue Apr 04 10:38:33 PDT 2017,Tue Apr 04 10:39:33 PDT 2017,2017-04-04 17:40:06 UTC,,,432,100% (3/3),100% (3/3),100% (3/3),unguided,1,3,2,,,,,,,,,,,,,,
3HEA4ZVWVENNG5WOVRTWVBYE5AJ55V,3J684U0BLNQ22QIBMB1UNL8IG2DGGK,Rate similarity of GIFs,Rate overall similarity between the content of two GIFs,"image, gif, similarity, rate",$0.10,Tue Apr 04 10:26:40 PDT 2017,25,BatchId:2752176;,1800,60,Tue Apr 11 10:26:40 PDT 2017,,,3B2X28YI3XGNB9A5RMZFEN7OQKFB6Y,A1EYJNJFSRMDWW,Approved,Tue Apr 04 10:33:28 PDT 2017,Tue Apr 04 10:44:27 PDT 2017,Tue Apr 04 10:45:27 PDT 2017,2017-04-04 17:46:06 UTC,,,659,100% (3/3),100% (3/3),100% (3/3),unguided,2,1,2,,,,,,,,,,,,,,
3HEA4ZVWVENNG5WOVRTWVBYE5AJ55V,3J684U0BLNQ22QIBMB1UNL8IG2DGGK,Rate similarity of GIFs,Rate overall similarity between the content of two GIFs,"image, gif, similarity, rate",$0.10,Tue Apr 04 10:26:40 PDT 2017,25,BatchId:2752176;,1800,60,Tue Apr 11 10:26:40 PDT 2017,,,3C2NJ6JBKBI1UHG17ASLF5Q6R4QN2H,A2MKXI4KCRRI7Y,Approved,Tue Apr 04 10:28:45 PDT 2017,Tue Apr 04 10:34:27 PDT 2017,Tue Apr 04 10:35:27 PDT 2017,2017-04-04 17:36:06 UTC,,,342,100% (3/3),100% (3/3),100% (3/3),unguided,5,3,2,,,,,,,,,,,,,,
3HEA4ZVWVENNG5WOVRTWVBYE5AJ55V,3J684U0BLNQ22QIBMB1UNL8IG2DGGK,Rate similarity of GIFs,Rate overall similarity between the content of two GIFs,"image, gif, similarity, rate",$0.10,Tue Apr 04 10:26:40 PDT 2017,25,BatchId:2752176;,1800,60,Tue Apr 11 10:26:40 PDT 2017,,,3CCZ6YKWR8K84CVUOJBEVBYY6P1592,AM7FYVGVOEP66,Approved,Tue Apr 04 10:31:40 PDT 2017,Tue Apr 04 10:35:11 PDT 2017,Tue Apr 04 10:36:11 PDT 2017,2017-04-04 17:37:06 UTC,,,211,100% (3/3),100% (3/3),100% (3/3),unguided,2,1,1,,,,,,,,,,,,,,
3HEA4ZVWVENNG5WOVRTWVBYE5AJ55V,3J684U0BLNQ22QIBMB1UNL8IG2DGGK,Rate similarity of GIFs,Rate overall similarity between the content of two GIFs,"image, gif, similarity, rate",$0.10,Tue Apr 04 10:26:40 PDT 2017,25,BatchId:2752176;,1800,60,Tue Apr 11 10:26:40 PDT 2017,,,3CFJTT4SXURG2H2GG6WO6OBXGLI7I1,A3MZ9RQJX9T656,Approved,Tue Apr 04 10:27:33 PDT 2017,Tue Apr 04 10:27:52 PDT 2017,Tue Apr 04 10:28:52 PDT 2017,2017-04-04 17:29:06 UTC,,,19,100% (2/2),100% (2/2),100% (2/2),unguided,3,4,1,,,,,,,,,,,,,,
3HEA4ZVWVENNG5WOVRTWVBYE5AJ55V,3J684U0BLNQ22QIBMB1UNL8IG2DGGK,Rate similarity of GIFs,Rate overall similarity between the content of two GIFs,"image, gif, similarity, rate",$0.10,Tue Apr 04 10:26:40 PDT 2017,25,BatchId:2752176;,1800,60,Tue Apr 11 10:26:40 PDT 2017,,,3G5F9DBFOQYIHCSSSMHJCQQL2QAHVA,A3RR85PK3AV9TU,Approved,Tue Apr 04 10:29:19 PDT 2017,Tue Apr 04 10:30:07 PDT 2017,Tue Apr 04 10:31:07 PDT 2017,2017-04-04 17:32:06 UTC,,,48,100% (3/3),100% (3/3),100% (3/3),unguided,3,2,4,,,,,,,,,,,,,,
3HEA4ZVWVENNG5WOVRTWVBYE5AJ55V,3J684U0BLNQ22QIBMB1UNL8IG2DGGK,Rate similarity of GIFs,Rate overall similarity between the content of two GIFs,"image, gif, similarity, rate",$0.10,Tue Apr 04 10:26:40 PDT 2017,25,BatchId:2752176;,1800,60,Tue Apr 11 10:26:40 PDT 2017,,,3H0W84IWBL3E4VK9T143QQ45P46ERZ,A3G79KHMDV51Q8,Approved,Tue Apr 04 10:34:46 PDT 2017,Tue Apr 04 10:35:55 PDT 2017,Tue Apr 04 10:36:55 PDT 2017,2017-04-04 17:37:06 UTC,,,69,100% (1/1),100% (1/1),100% (1/1),unguided,4,4,3,,,,,,,,,,,,,,
3HEA4ZVWVENNG5WOVRTWVBYE5AJ55V,3J684U0BLNQ22QIBMB1UNL8IG2DGGK,Rate similarity of GIFs,Rate overall similarity between the content of two GIFs,"image, gif, similarity, rate",$0.10,Tue Apr 04 10:26:40 PDT 2017,25,BatchId:2752176;,1800,60,Tue Apr 11 10:26:40 PDT 2017,,,3HRMW88U17ROGPSNGM97J28RPG30MH,A3QC57KUVJP5EW,Approved,Tue Apr 04 11:29:37 PDT 2017,Tue Apr 04 11:30:05 PDT 2017,Tue Apr 04 11:31:05 PDT 2017,2017-04-04 18:31:07 UTC,,,28,100% (3/3),100% (3/3),100% (3/3),unguided,1,4,5,,,,,,,,,,,,,,
3HEA4ZVWVENNG5WOVRTWVBYE5AJ55V,3J684U0BLNQ22QIBMB1UNL8IG2DGGK,Rate similarity of GIFs,Rate overall similarity between the content of two GIFs,"image, gif, similarity, rate",$0.10,Tue Apr 04 10:26:40 PDT 2017,25,BatchId:2752176;,1800,60,Tue Apr 11 10:26:40 PDT 2017,,,3IFS6Q0HJJK2LFM849UZ1F7T3ZVSI9,ANMXMEB55AGM6,Approved,Tue Apr 04 10:30:59 PDT 2017,Tue Apr 04 10:31:43 PDT 2017,Tue Apr 04 10:32:43 PDT 2017,2017-04-04 17:33:06 UTC,,,44,100% (15/15),100% (3/3),100% (3/3),unguided,3,6,4,,,,,,,,,,,,,,
3HEA4ZVWVENNG5WOVRTWVBYE5AJ55V,3J684U0BLNQ22QIBMB1UNL8IG2DGGK,Rate similarity of GIFs,Rate overall similarity between the content of two GIFs,"image, gif, similarity, rate",$0.10,Tue Apr 04 10:26:40 PDT 2017,25,BatchId:2752176;,1800,60,Tue Apr 11 10:26:40 PDT 2017,,,3JBT3HLQF93R3DVQCWER6558CSXZP4,A27PVIL93ZMY46,Approved,Tue Apr 04 11:41:30 PDT 2017,Tue Apr 04 11:41:57 PDT 2017,Tue Apr 04 11:42:57 PDT 2017,2017-04-04 18:43:06 UTC,,,27,100% (2/2),100% (2/2),100% (2/2),unguided,3,2,6,,,,,,,,,,,,,,
3HEA4ZVWVENNG5WOVRTWVBYE5AJ55V,3J684U0BLNQ22QIBMB1UNL8IG2DGGK,Rate similarity of GIFs,Rate overall similarity between the content of two GIFs,"image, gif, similarity, rate",$0.10,Tue Apr 04 10:26:40 PDT 2017,25,BatchId:2752176;,1800,60,Tue Apr 11 10:26:40 PDT 2017,,,3JNQLM5FT5NB6HDGVXC62DMHM9QL2D,A1U5BE8XJRXKW3,Approved,Tue Apr 04 10:31:59 PDT 2017,Tue Apr 04 10:32:39 PDT 2017,Tue Apr 04 10:33:39 PDT 2017,2017-04-04 17:34:06 UTC,,,40,100% (3/3),100% (3/3),100% (3/3),unguided,4,1,1,,,,,,,,,,,,,,
3HEA4ZVWVENNG5WOVRTWVBYE5AJ55V,3J684U0BLNQ22QIBMB1UNL8IG2DGGK,Rate similarity of GIFs,Rate overall similarity between the content of two GIFs,"image, gif, similarity, rate",$0.10,Tue Apr 04 10:26:40 PDT 2017,25,BatchId:2752176;,1800,60,Tue Apr 11 10:26:40 PDT 2017,,,3M81GAB8A1KGLRTP6VDDKSOFQLQQB9,A2OAZPREKF6PQR,Approved,Tue Apr 04 10:29:39 PDT 2017,Tue Apr 04 10:29:56 PDT 2017,Tue Apr 04 10:30:56 PDT 2017,2017-04-04 17:31:06 UTC,,,17,100% (3/3),100% (3/3),100% (3/3),unguided,1,1,5,,,,,,,,,,,,,,
3HEA4ZVWVENNG5WOVRTWVBYE5AJ55V,3J684U0BLNQ22QIBMB1UNL8IG2DGGK,Rate similarity of GIFs,Rate overall similarity between the content of two GIFs,"image, gif, similarity, rate",$0.10,Tue Apr 04 10:26:40 PDT 2017,25,BatchId:2752176;,1800,60,Tue Apr 11 10:26:40 PDT 2017,,,3MHW492WW1E49QT3JJXW4VYHJC9MVO,AOAZMLP27GD81,Approved,Tue Apr 04 10:27:53 PDT 2017,Tue Apr 04 10:28:44 PDT 2017,Tue Apr 04 10:29:44 PDT 2017,2017-04-04 17:30:06 UTC,,,51,100% (3/3),100% (3/3),100% (3/3),unguided,2,5,7,,,,,,,,,,,,,,
3HEA4ZVWVENNG5WOVRTWVBYE5AJ55V,3J684U0BLNQ22QIBMB1UNL8IG2DGGK,Rate similarity of GIFs,Rate overall similarity between the content of two GIFs,"image, gif, similarity, rate",$0.10,Tue Apr 04 10:26:40 PDT 2017,25,BatchId:2752176;,1800,60,Tue Apr 11 10:26:40 PDT 2017,,,3P59JYT76MLZPULL46EXO4WYGMCT2O,A2TRT2GUCLEHR2,Approved,Tue Apr 04 10:31:20 PDT 2017,Tue Apr 04 10:32:36 PDT 2017,Tue Apr 04 10:33:36 PDT 2017,2017-04-04 17:34:06 UTC,,,76,100% (3/3),100% (3/3),100% (3/3),unguided,1,1,1,,,,,,,,,,,,,,
3HEA4ZVWVENNG5WOVRTWVBYE5AJ55V,3J684U0BLNQ22QIBMB1UNL8IG2DGGK,Rate similarity of GIFs,Rate overall similarity between the content of two GIFs,"image, gif, similarity, rate",$0.10,Tue Apr 04 10:26:40 PDT 2017,25,BatchId:2752176;,1800,60,Tue Apr 11 10:26:40 PDT 2017,,,3PDJHANYK6HX2MDRRE9B0YAMLXQ6HF,A1GFXYY05FGKH7,Approved,Tue Apr 04 11:32:09 PDT 2017,Tue Apr 04 11:33:22 PDT 2017,Tue Apr 04 11:34:22 PDT 2017,2017-04-04 18:35:06 UTC,,,73,100% (3/3),100% (3/3),100% (3/3),unguided,4,2,3,,,,,,,,,,,,,,
3HEA4ZVWVENNG5WOVRTWVBYE5AJ55V,3J684U0BLNQ22QIBMB1UNL8IG2DGGK,Rate similarity of GIFs,Rate overall similarity between the content of two GIFs,"image, gif, similarity, rate",$0.10,Tue Apr 04 10:26:40 PDT 2017,25,BatchId:2752176;,1800,60,Tue Apr 11 10:26:40 PDT 2017,,,3PPTZCWALRLC3PW5C9TG6AVIHOCZQO,A2PXJTMWGUE5DC,Approved,Tue Apr 04 10:30:07 PDT 2017,Tue Apr 04 10:30:30 PDT 2017,Tue Apr 04 10:31:30 PDT 2017,2017-04-04 17:32:06 UTC,,,23,100% (3/3),100% (3/3),100% (3/3),unguided,1,3,6,,,,,,,,,,,,,,
3HEA4ZVWVENNG5WOVRTWVBYE5AJ55V,3J684U0BLNQ22QIBMB1UNL8IG2DGGK,Rate similarity of GIFs,Rate overall similarity between the content of two GIFs,"image, gif, similarity, rate",$0.10,Tue Apr 04 10:26:40 PDT 2017,25,BatchId:2752176;,1800,60,Tue Apr 11 10:26:40 PDT 2017,,,3T111IHZ5FRX9ZTSLQOHYC3UY7P9RJ,A2653BIPJKEMRK,Approved,Tue Apr 04 10:27:59 PDT 2017,Tue Apr 04 10:28:57 PDT 2017,Tue Apr 04 10:29:57 PDT 2017,2017-04-04 17:30:07 UTC,,,58,100% (3/3),100% (3/3),100% (3/3),unguided,4,5,2,,,,,,,,,,,,,,
3HEA4ZVWVENNG5WOVRTWVBYE5AJ55V,3J684U0BLNQ22QIBMB1UNL8IG2DGGK,Rate similarity of GIFs,Rate overall similarity between the content of two GIFs,"image, gif, similarity, rate",$0.10,Tue Apr 04 10:26:40 PDT 2017,25,BatchId:2752176;,1800,60,Tue Apr 11 10:26:40 PDT 2017,,,3TPZPLC3M1DQIKOXRPJI240TXXZ3PC,A2NJ7N8INZOB00,Approved,Tue Apr 04 11:39:54 PDT 2017,Tue Apr 04 11:40:12 PDT 2017,Tue Apr 04 11:41:12 PDT 2017,2017-04-04 18:42:06 UTC,,,18,100% (3/3),100% (3/3),100% (3/3),unguided,2,1,7,,,,,,,,,,,,,,
3HEA4ZVWVENNG5WOVRTWVBYE5AJ55V,3J684U0BLNQ22QIBMB1UNL8IG2DGGK,Rate similarity of GIFs,Rate overall similarity between the content of two GIFs,"image, gif, similarity, rate",$0.10,Tue Apr 04 10:26:40 PDT 2017,25,BatchId:2752176;,1800,60,Tue Apr 11 10:26:40 PDT 2017,,,3VBEN272ML0OPOGDELUWG3UDOM8SGM,A3862RIFFUV141,Approved,Tue Apr 04 11:22:43 PDT 2017,Tue Apr 04 11:29:46 PDT 2017,Tue Apr 04 11:30:46 PDT 2017,2017-04-04 18:31:06 UTC,,,423,100% (3/3),100% (3/3),100% (3/3),unguided,3,3,5,,,,,,,,,,,,,,
3HEA4ZVWVENNG5WOVRTWVBYE5AJ55V,3J684U0BLNQ22QIBMB1UNL8IG2DGGK,Rate similarity of GIFs,Rate overall similarity between the content of two GIFs,"image, gif, similarity, rate",$0.10,Tue Apr 04 10:26:40 PDT 2017,25,BatchId:2752176;,1800,60,Tue Apr 11 10:26:40 PDT 2017,,,3XM0HYN6NL0TSI4UG90ELV4QOMHEP6,AS9E0S6DBSWH7,Approved,Tue Apr 04 10:27:52 PDT 2017,Tue Apr 04 10:30:38 PDT 2017,Tue Apr 04 10:31:38 PDT 2017,2017-04-04 17:32:06 UTC,,,166,100% (1/1),100% (1/1),100% (1/1),unguided,1,4,4,,,,,,,,,,,,,,
3HEA4ZVWVENNG5WOVRTWVBYE5AJ55V,3J684U0BLNQ22QIBMB1UNL8IG2DGGK,Rate similarity of GIFs,Rate overall similarity between the content of two GIFs,"image, gif, similarity, rate",$0.10,Tue Apr 04 10:26:40 PDT 2017,25,BatchId:2752176;,1800,60,Tue Apr 11 10:26:40 PDT 2017,,,3ZWFC4W1UV86A9K5OCO988P515KRFT,A3F90N8YVKJ4I7,Approved,Tue Apr 04 10:28:36 PDT 2017,Tue Apr 04 10:30:11 PDT 2017,Tue Apr 04 10:31:11 PDT 2017,2017-04-04 17:32:06 UTC,,,95,100% (3/3),100% (3/3),100% (3/3),unguided,6,2,3,,,,,,,,,,,,,,
3NC6WP7WJILB67QSNT3EBBO494QWWJ,3J684U0BLNQ22QIBMB1UNL8IG2DGGK,Rate similarity of GIFs,Rate overall similarity between the content of two GIFs,"image, gif, similarity, rate",$0.10,Tue Apr 04 10:26:39 PDT 2017,25,BatchId:2752176;,1800,60,Tue Apr 11 10:26:39 PDT 2017,,,31IBVUNM9T0Y3G1MXWTJ95E8MBXFVA,A27MJOV91GA8R3,Approved,Tue Apr 04 10:30:37 PDT 2017,Tue Apr 04 10:30:54 PDT 2017,Tue Apr 04 10:31:54 PDT 2017,2017-04-04 17:32:07 UTC,,,17,100% (3/3),100% (3/3),100% (3/3),guided,4,5,7,,,,4.48,4.88,5.56,,4.9733333333,,1.4753530651,2.1855586624,2.4508501926,,2.0372539734
3NC6WP7WJILB67QSNT3EBBO494QWWJ,3J684U0BLNQ22QIBMB1UNL8IG2DGGK,Rate similarity of GIFs,Rate overall similarity between the content of two GIFs,"image, gif, similarity, rate",$0.10,Tue Apr 04 10:26:39 PDT 2017,25,BatchId:2752176;,1800,60,Tue Apr 11 10:26:39 PDT 2017,,,32ZKVD547GOOEQNN8K1H7KV4GTD3BK,A1EYJNJFSRMDWW,Approved,Tue Apr 04 10:33:24 PDT 2017,Tue Apr 04 10:44:04 PDT 2017,Tue Apr 04 10:45:04 PDT 2017,2017-04-04 17:45:06 UTC,,,640,100% (3/3),100% (3/3),100% (3/3),guided,3,3,2,,,,,,,,,,,,,,
3NC6WP7WJILB67QSNT3EBBO494QWWJ,3J684U0BLNQ22QIBMB1UNL8IG2DGGK,Rate similarity of GIFs,Rate overall similarity between the content of two GIFs,"image, gif, similarity, rate",$0.10,Tue Apr 04 10:26:39 PDT 2017,25,BatchId:2752176;,1800,60,Tue Apr 11 10:26:39 PDT 2017,,,33OOO72IVIMCNCDN1Z330H5KSDXTC5,ALLP45O3BDWYM,Approved,Tue Apr 04 11:49:37 PDT 2017,Tue Apr 04 11:49:59 PDT 2017,Tue Apr 04 11:50:59 PDT 2017,2017-04-04 18:51:06 UTC,,,22,100% (1/1),100% (1/1),100% (1/1),guided,4,8,6,,,,,,,,,,,,,,
3NC6WP7WJILB67QSNT3EBBO494QWWJ,3J684U0BLNQ22QIBMB1UNL8IG2DGGK,Rate similarity of GIFs,Rate overall similarity between the content of two GIFs,"image, gif, similarity, rate",$0.10,Tue Apr 04 10:26:39 PDT 2017,25,BatchId:2752176;,1800,60,Tue Apr 11 10:26:39 PDT 2017,,,34X6J5FLPUZM3AR1UNQUIG7SYQ6JQU,A2NJ7N8INZOB00,Approved,Tue Apr 04 11:39:04 PDT 2017,Tue Apr 04 11:39:32 PDT 2017,Tue Apr 04 11:40:32 PDT 2017,2017-04-04 18:41:06 UTC,,,28,100% (3/3),100% (3/3),100% (3/3),guided,2,1,7,,,,,,,,,,,,,,
3NC6WP7WJILB67QSNT3EBBO494QWWJ,3J684U0BLNQ22QIBMB1UNL8IG2DGGK,Rate similarity of GIFs,Rate overall similarity between the content of two GIFs,"image, gif, similarity, rate",$0.10,Tue Apr 04 10:26:39 PDT 2017,25,BatchId:2752176;,1800,60,Tue Apr 11 10:26:39 PDT 2017,,,35GMH2SV3FIB7IST19NZWVZ0EHLOEZ,ANMXMEB55AGM6,Approved,Tue Apr 04 10:32:00 PDT 2017,Tue Apr 04 10:32:49 PDT 2017,Tue Apr 04 10:33:49 PDT 2017,2017-04-04 17:34:06 UTC,,,49,100% (15/15),100% (3/3),100% (3/3),guided,4,6,8,,,,,,,,,,,,,,
3NC6WP7WJILB67QSNT3EBBO494QWWJ,3J684U0BLNQ22QIBMB1UNL8IG2DGGK,Rate similarity of GIFs,Rate overall similarity between the content of two GIFs,"image, gif, similarity, rate",$0.10,Tue Apr 04 10:26:39 PDT 2017,25,BatchId:2752176;,1800,60,Tue Apr 11 10:26:39 PDT 2017,,,36H9ULYP63VPCL1SG7F06H3EROUJFX,A1NM7ZPZ3NH412,Approved,Tue Apr 04 11:14:29 PDT 2017,Tue Apr 04 11:14:46 PDT 2017,Tue Apr 04 11:15:46 PDT 2017,2017-04-04 18:16:06 UTC,,,17,100% (3/3),100% (3/3),100% (3/3),guided,6,7,9,,,,,,,,,,,,,,
3NC6WP7WJILB67QSNT3EBBO494QWWJ,3J684U0BLNQ22QIBMB1UNL8IG2DGGK,Rate similarity of GIFs,Rate overall similarity between the content of two GIFs,"image, gif, similarity, rate",$0.10,Tue Apr 04 10:26:39 PDT 2017,25,BatchId:2752176;,1800,60,Tue Apr 11 10:26:39 PDT 2017,,,373ERPL3YP9GTE26JWTYPC46SESTR3,A2TRT2GUCLEHR2,Approved,Tue Apr 04 10:32:37 PDT 2017,Tue Apr 04 10:33:04 PDT 2017,Tue Apr 04 10:34:04 PDT 2017,2017-04-04 17:34:06 UTC,,,27,100% (3/3),100% (3/3),100% (3/3),guided,3,3,3,,,,,,,,,,,,,,
3NC6WP7WJILB67QSNT3EBBO494QWWJ,3J684U0BLNQ22QIBMB1UNL8IG2DGGK,Rate similarity of GIFs,Rate overall similarity between the content of two GIFs,"image, gif, similarity, rate",$0.10,Tue Apr 04 10:26:39 PDT 2017,25,BatchId:2752176;,1800,60,Tue Apr 11 10:26:39 PDT 2017,,,379J5II41PH31XPWOH774EV6JCNELF,A1GFXYY05FGKH7,Approved,Tue Apr 04 11:33:43 PDT 2017,Tue Apr 04 11:34:04 PDT 2017,Tue Apr 04 11:35:04 PDT 2017,2017-04-04 18:35:07 UTC,,,21,100% (3/3),100% (3/3),100% (3/3),guided,4,3,7,,,,,,,,,,,,,,
3NC6WP7WJILB67QSNT3EBBO494QWWJ,3J684U0BLNQ22QIBMB1UNL8IG2DGGK,Rate similarity of GIFs,Rate overall similarity between the content of two GIFs,"image, gif, similarity, rate",$0.10,Tue Apr 04 10:26:39 PDT 2017,25,BatchId:2752176;,1800,60,Tue Apr 11 10:26:39 PDT 2017,,,3DIP6YHAPDT8MQ5DUSY3Z990ZCI8EH,A1U5BE8XJRXKW3,Approved,Tue Apr 04 10:32:40 PDT 2017,Tue Apr 04 10:33:04 PDT 2017,Tue Apr 04 10:34:04 PDT 2017,2017-04-04 17:34:06 UTC,,,24,100% (3/3),100% (3/3),100% (3/3),guided,2,2,5,,,,,,,,,,,,,,
3NC6WP7WJILB67QSNT3EBBO494QWWJ,3J684U0BLNQ22QIBMB1UNL8IG2DGGK,Rate similarity of GIFs,Rate overall similarity between the content of two GIFs,"image, gif, similarity, rate",$0.10,Tue Apr 04 10:26:39 PDT 2017,25,BatchId:2752176;,1800,60,Tue Apr 11 10:26:39 PDT 2017,,,3H0W84IWBL3E4VK9T143QQ45P4BREH,A3QC57KUVJP5EW,Approved,Tue Apr 04 11:30:06 PDT 2017,Tue Apr 04 11:30:23 PDT 2017,Tue Apr 04 11:31:23 PDT 2017,2017-04-04 18:32:06 UTC,,,17,100% (3/3),100% (3/3),100% (3/3),guided,5,7,8,,,,,,,,,,,,,,
3NC6WP7WJILB67QSNT3EBBO494QWWJ,3J684U0BLNQ22QIBMB1UNL8IG2DGGK,Rate similarity of GIFs,Rate overall similarity between the content of two GIFs,"image, gif, similarity, rate",$0.10,Tue Apr 04 10:26:39 PDT 2017,25,BatchId:2752176;,1800,60,Tue Apr 11 10:26:39 PDT 2017,,,3H7XDTSHKDSHW5XMYQ4XDSXYUZ0WG1,A31Z5TPD8QKE26,Approved,Tue Apr 04 10:43:02 PDT 2017,Tue Apr 04 10:43:36 PDT 2017,Tue Apr 04 10:44:36 PDT 2017,2017-04-04 17:45:06 UTC,,,34,100% (3/3),100% (3/3),100% (3/3),guided,6,4,2,,,,,,,,,,,,,,
3NC6WP7WJILB67QSNT3EBBO494QWWJ,3J684U0BLNQ22QIBMB1UNL8IG2DGGK,Rate similarity of GIFs,Rate overall similarity between the content of two GIFs,"image, gif, similarity, rate",$0.10,Tue Apr 04 10:26:39 PDT 2017,25,BatchId:2752176;,1800,60,Tue Apr 11 10:26:39 PDT 2017,,,3I02618YA17AHE1G69FJPDQTAABPUY,A2OAZPREKF6PQR,Approved,Tue Apr 04 10:28:53 PDT 2017,Tue Apr 04 10:29:23 PDT 2017,Tue Apr 04 10:30:23 PDT 2017,2017-04-04 17:31:06 UTC,,,30,100% (3/3),100% (3/3),100% (3/3),guided,6,8,6,,,,,,,,,,,,,,
3NC6WP7WJILB67QSNT3EBBO494QWWJ,3J684U0BLNQ22QIBMB1UNL8IG2DGGK,Rate similarity of GIFs,Rate overall similarity between the content of two GIFs,"image, gif, similarity, rate",$0.10,Tue Apr 04 10:26:39 PDT 2017,25,BatchId:2752176;,1800,60,Tue Apr 11 10:26:39 PDT 2017,,,3IQ1VMJRYUL5AI7BJF2V3MEKY31A9C,A2PXJTMWGUE5DC,Approved,Tue Apr 04 10:29:10 PDT 2017,Tue Apr 04 10:29:49 PDT 2017,Tue Apr 04 10:30:49 PDT 2017,2017-04-04 17:31:06 UTC,,,39,100% (3/3),100% (3/3),100% (3/3),guided,3,5,7,,,,,,,,,,,,,,
3NC6WP7WJILB67QSNT3EBBO494QWWJ,3J684U0BLNQ22QIBMB1UNL8IG2DGGK,Rate similarity of GIFs,Rate overall similarity between the content of two GIFs,"image, gif, similarity, rate",$0.10,Tue Apr 04 10:26:39 PDT 2017,25,BatchId:2752176;,1800,60,Tue Apr 11 10:26:39 PDT 2017,,,3IQ1VMJRYUL5AI7BJF2V3MEKY32A9D,A2MKXI4KCRRI7Y,Approved,Tue Apr 04 10:35:00 PDT 2017,Tue Apr 04 10:35:49 PDT 2017,Tue Apr 04 10:36:49 PDT 2017,2017-04-04 17:37:06 UTC,,,49,100% (3/3),100% (3/3),100% (3/3),guided,7,6,2,,,,,,,,,,,,,,
3NC6WP7WJILB67QSNT3EBBO494QWWJ,3J684U0BLNQ22QIBMB1UNL8IG2DGGK,Rate similarity of GIFs,Rate overall similarity between the content of two GIFs,"image, gif, similarity, rate",$0.10,Tue Apr 04 10:26:39 PDT 2017,25,BatchId:2752176;,1800,60,Tue Apr 11 10:26:39 PDT 2017,,,3OF2M9AATHPQSMYAZ49JAOJ9IIKKZH,A3RYI5HXC2MJLN,Approved,Tue Apr 04 10:31:20 PDT 2017,Tue Apr 04 10:35:52 PDT 2017,Tue Apr 04 10:36:52 PDT 2017,2017-04-04 17:37:06 UTC,,,272,100% (3/3),100% (3/3),100% (3/3),guided,5,4,1,,,,,,,,,,,,,,
3NC6WP7WJILB67QSNT3EBBO494QWWJ,3J684U0BLNQ22QIBMB1UNL8IG2DGGK,Rate similarity of GIFs,Rate overall similarity between the content of two GIFs,"image, gif, similarity, rate",$0.10,Tue Apr 04 10:26:39 PDT 2017,25,BatchId:2752176;,1800,60,Tue Apr 11 10:26:39 PDT 2017,,,3OUYGIZWR8ZU1SP0821Z062MUL7P0V,A2I3Y0L38HMQLZ,Approved,Tue Apr 04 10:27:13 PDT 2017,Tue Apr 04 10:28:15 PDT 2017,Tue Apr 04 10:29:15 PDT 2017,2017-04-04 17:30:06 UTC,,,62,100% (1/1),100% (1/1),100% (1/1),guided,4,3,6,,,,,,,,,,,,,,
3NC6WP7WJILB67QSNT3EBBO494QWWJ,3J684U0BLNQ22QIBMB1UNL8IG2DGGK,Rate similarity of GIFs,Rate overall similarity between the content of two GIFs,"image, gif, similarity, rate",$0.10,Tue Apr 04 10:26:39 PDT 2017,25,BatchId:2752176;,1800,60,Tue Apr 11 10:26:39 PDT 2017,,,3Q5ZZ9ZEVPG8Q7CKJR50VF3NMJJ85G,A1RWNYJA5X25YH,Approved,Tue Apr 04 10:31:49 PDT 2017,Tue Apr 04 10:33:20 PDT 2017,Tue Apr 04 10:34:20 PDT 2017,2017-04-04 17:35:06 UTC,,,91,100% (2/2),100% (2/2),100% (2/2),guided,5,7,9,,,,,,,,,,,,,,
3NC6WP7WJILB67QSNT3EBBO494QWWJ,3J684U0BLNQ22QIBMB1UNL8IG2DGGK,Rate similarity of GIFs,Rate overall similarity between the content of two GIFs,"image, gif, similarity, rate",$0.10,Tue Apr 04 10:26:39 PDT 2017,25,BatchId:2752176;,1800,60,Tue Apr 11 10:26:39 PDT 2017,,,3T3IWE1XG7OGHDN66H4YKMU1WSQQTZ,AM7FYVGVOEP66,Approved,Tue Apr 04 10:30:40 PDT 2017,Tue Apr 04 10:31:20 PDT 2017,Tue Apr 04 10:32:20 PDT 2017,2017-04-04 17:33:06 UTC,,,40,100% (3/3),100% (3/3),100% (3/3),guided,2,2,2,,,,,,,,,,,,,,
3NC6WP7WJILB67QSNT3EBBO494QWWJ,3J684U0BLNQ22QIBMB1UNL8IG2DGGK,Rate similarity of GIFs,Rate overall similarity between the content of two GIFs,"image, gif, similarity, rate",$0.10,Tue Apr 04 10:26:39 PDT 2017,25,BatchId:2752176;,1800,60,Tue Apr 11 10:26:39 PDT 2017,,,3TOK3KHVJUJQY3DJE19TQL7JSUH7OW,AOAZMLP27GD81,Approved,Tue Apr 04 10:28:45 PDT 2017,Tue Apr 04 10:29:20 PDT 2017,Tue Apr 04 10:30:20 PDT 2017,2017-04-04 17:31:06 UTC,,,35,100% (3/3),100% (3/3),100% (3/3),guided,4,6,9,,,,,,,,,,,,,,
3NC6WP7WJILB67QSNT3EBBO494QWWJ,3J684U0BLNQ22QIBMB1UNL8IG2DGGK,Rate similarity of GIFs,Rate overall similarity between the content of two GIFs,"image, gif, similarity, rate",$0.10,Tue Apr 04 10:26:39 PDT 2017,25,BatchId:2752176;,1800,60,Tue Apr 11 10:26:39 PDT 2017,,,3TPWUS5F8A24FTHHW48EN1CJW77CW6,A2653BIPJKEMRK,Approved,Tue Apr 04 10:29:14 PDT 2017,Tue Apr 04 10:29:53 PDT 2017,Tue Apr 04 10:30:53 PDT 2017,2017-04-04 17:31:06 UTC,,,39,100% (3/3),100% (3/3),100% (3/3),guided,5,7,7,,,,,,,,,,,,,,
3NC6WP7WJILB67QSNT3EBBO494QWWJ,3J684U0BLNQ22QIBMB1UNL8IG2DGGK,Rate similarity of GIFs,Rate overall similarity between the content of two GIFs,"image, gif, similarity, rate",$0.10,Tue Apr 04 10:26:39 PDT 2017,25,BatchId:2752176;,1800,60,Tue Apr 11 10:26:39 PDT 2017,,,3TPZPLC3M1DQIKOXRPJI240TXXRP3Q,A3D1VTLX623K6I,Approved,Tue Apr 04 10:27:22 PDT 2017,Tue Apr 04 10:56:13 PDT 2017,Tue Apr 04 10:57:13 PDT 2017,2017-04-04 17:58:06 UTC,,,1731,100% (1/1),100% (1/1),100% (1/1),guided,4,7,5,,,,,,,,,,,,,,
3NC6WP7WJILB67QSNT3EBBO494QWWJ,3J684U0BLNQ22QIBMB1UNL8IG2DGGK,Rate similarity of GIFs,Rate overall similarity between the content of two GIFs,"image, gif, similarity, rate",$0.10,Tue Apr 04 10:26:39 PDT 2017,25,BatchId:2752176;,1800,60,Tue Apr 11 10:26:39 PDT 2017,,,3WLEIWSYHPI9KLUQ4CX8ALTA5SM2HS,A3862RIFFUV141,Approved,Tue Apr 04 11:20:46 PDT 2017,Tue Apr 04 11:21:44 PDT 2017,Tue Apr 04 11:22:44 PDT 2017,2017-04-04 18:23:06 UTC,,,58,100% (3/3),100% (3/3),100% (3/3),guided,6,5,7,,,,,,,,,,,,,,
3NC6WP7WJILB67QSNT3EBBO494QWWJ,3J684U0BLNQ22QIBMB1UNL8IG2DGGK,Rate similarity of GIFs,Rate overall similarity between the content of two GIFs,"image, gif, similarity, rate",$0.10,Tue Apr 04 10:26:39 PDT 2017,25,BatchId:2752176;,1800,60,Tue Apr 11 10:26:39 PDT 2017,,,3Y4W8Q93L0L15WNQ6QYTL5BNAYHVDF,A3RR85PK3AV9TU,Approved,Tue Apr 04 10:30:55 PDT 2017,Tue Apr 04 10:31:47 PDT 2017,Tue Apr 04 10:32:47 PDT 2017,2017-04-04 17:33:06 UTC,,,52,100% (3/3),100% (3/3),100% (3/3),guided,6,3,4,,,,,,,,,,,,,,
3NC6WP7WJILB67QSNT3EBBO494QWWJ,3J684U0BLNQ22QIBMB1UNL8IG2DGGK,Rate similarity of GIFs,Rate overall similarity between the content of two GIFs,"image, gif, similarity, rate",$0.10,Tue Apr 04 10:26:39 PDT 2017,25,BatchId:2752176;,1800,60,Tue Apr 11 10:26:39 PDT 2017,,,3YW4XOSQKRM70MIEL74TOH8V7UC1UD,A3EJ44J2ZNRMDA,Approved,Tue Apr 04 11:33:14 PDT 2017,Tue Apr 04 11:34:00 PDT 2017,Tue Apr 04 11:35:00 PDT 2017,2017-04-04 18:35:06 UTC,,,46,100% (3/3),100% (3/3),100% (3/3),guided,7,8,4,,,,,,,,,,,,,,
3NC6WP7WJILB67QSNT3EBBO494QWWJ,3J684U0BLNQ22QIBMB1UNL8IG2DGGK,Rate similarity of GIFs,Rate overall similarity between the content of two GIFs,"image, gif, similarity, rate",$0.10,Tue Apr 04 10:26:39 PDT 2017,25,BatchId:2752176;,1800,60,Tue Apr 11 10:26:39 PDT 2017,,,3YZ8UPK3VUNRNPSC14TD5DRMBRWCU7,A3F90N8YVKJ4I7,Approved,Tue Apr 04 10:28:35 PDT 2017,Tue Apr 04 10:29:49 PDT 2017,Tue Apr 04 10:30:49 PDT 2017,2017-04-04 17:31:06 UTC,,,74,100% (3/3),100% (3/3),100% (3/3),guided,5,2,6,,,,,,,,,,,,,,
,,,,,,,,,,,,,,,,,,,,,,,,,,,,,,,,,,,,,,,,,,,,
,,,,,,,,,,,,,,,,,,,,,,,,,,,,,,,,,,4.04,4.2666666667,4.4666666667,,,,1.5485607913,1.7732201717,2.0995579697,,
