HITId,HITTypeId,Title,Description,Keywords,Reward,CreationTime,MaxAssignments,RequesterAnnotation,AssignmentDurationInSeconds,AutoApprovalDelayInSeconds,Expiration,NumberOfSimilarHITs,LifetimeInSeconds,AssignmentId,WorkerId,AssignmentStatus,AcceptTime,SubmitTime,AutoApprovalTime,ApprovalTime,RejectionTime,RequesterFeedback,WorkTimeInSeconds,LifetimeApprovalRate,Last30DaysApprovalRate,Last7DaysApprovalRate,Input.gifPrefix,Answer.answer1,Answer.answer2,Answer.answer3,Approve,Reject,,,,,,
31HLTCK4BLVQOESGSGFTFQ5XMMQGVO,3ML4SXAKAKMGPHGL2LN07CIQFN19BD,Rate Similarity of GIFs,Rate overall similarity between the content of two GIFs,"image, gif, similarity, rate",$0.10,Tue Apr 19 13:09:53 PDT 2016,25,BatchId:2362803;,1800,60,Tue Apr 26 13:09:53 PDT 2016,,,31QNSG6A5RTC6SJWHM5R6I4G86487E,A1JL8N1PWIFDH2,Approved,Tue Apr 19 14:06:41 PDT 2016,Tue Apr 19 14:07:13 PDT 2016,Tue Apr 19 14:08:13 PDT 2016,2016-04-19 21:10:15 UTC,,,32,100% (3/3),100% (3/3),100% (3/3),demonstration_,6,5,4,,,,5.12,4.44,4.76,,4.7733333333
31HLTCK4BLVQOESGSGFTFQ5XMMQGVO,3ML4SXAKAKMGPHGL2LN07CIQFN19BD,Rate Similarity of GIFs,Rate overall similarity between the content of two GIFs,"image, gif, similarity, rate",$0.10,Tue Apr 19 13:09:53 PDT 2016,25,BatchId:2362803;,1800,60,Tue Apr 26 13:09:53 PDT 2016,,,333U7HK6I9FH7IGPZ354V0NQARCJDB,A9KPCMO1J1LQF,Approved,Tue Apr 19 13:14:48 PDT 2016,Tue Apr 19 13:21:35 PDT 2016,Tue Apr 19 13:22:35 PDT 2016,Tue Apr 19 13:22:23 PDT 2016,,,407,100% (6/6),100% (5/5),100% (5/5),demonstration_,7,5,8,,,,,,,,
31HLTCK4BLVQOESGSGFTFQ5XMMQGVO,3ML4SXAKAKMGPHGL2LN07CIQFN19BD,Rate Similarity of GIFs,Rate overall similarity between the content of two GIFs,"image, gif, similarity, rate",$0.10,Tue Apr 19 13:09:53 PDT 2016,25,BatchId:2362803;,1800,60,Tue Apr 26 13:09:53 PDT 2016,,,37TD41K0AH901TT1M1J73VWVLBQCSZ,AU2C0Q45DVGJO,Approved,Tue Apr 19 13:43:14 PDT 2016,Tue Apr 19 13:44:41 PDT 2016,Tue Apr 19 13:45:41 PDT 2016,Tue Apr 19 13:47:38 PDT 2016,,,87,100% (4/4),100% (4/4),100% (4/4),demonstration_,4,4,4,,,,5.12,4.44,4.76,,
31HLTCK4BLVQOESGSGFTFQ5XMMQGVO,3ML4SXAKAKMGPHGL2LN07CIQFN19BD,Rate Similarity of GIFs,Rate overall similarity between the content of two GIFs,"image, gif, similarity, rate",$0.10,Tue Apr 19 13:09:53 PDT 2016,25,BatchId:2362803;,1800,60,Tue Apr 26 13:09:53 PDT 2016,,,38SKSKU7R1X4AJKBU2IS2CGV6LOILD,A2O7H7VXLFN6BP,Approved,Tue Apr 19 13:12:16 PDT 2016,Tue Apr 19 13:12:34 PDT 2016,Tue Apr 19 13:13:34 PDT 2016,Tue Apr 19 13:13:25 PDT 2016,,,18,100% (5/5),100% (5/5),100% (5/5),demonstration_,7,4,1,,,,,,,,
31HLTCK4BLVQOESGSGFTFQ5XMMQGVO,3ML4SXAKAKMGPHGL2LN07CIQFN19BD,Rate Similarity of GIFs,Rate overall similarity between the content of two GIFs,"image, gif, similarity, rate",$0.10,Tue Apr 19 13:09:53 PDT 2016,25,BatchId:2362803;,1800,60,Tue Apr 26 13:09:53 PDT 2016,,,3A7Y0R2P2OOV5OL6Q36GP7QIQ9NJXC,A130X6CF795CQ5,Approved,Tue Apr 19 13:11:09 PDT 2016,Tue Apr 19 13:12:27 PDT 2016,Tue Apr 19 13:13:27 PDT 2016,Tue Apr 19 13:13:25 PDT 2016,,,78,100% (6/6),100% (5/5),100% (5/5),demonstration_,6,5,6,,,,2.127596453,1.5297058541,2.7276363394,,2.1283128821
31HLTCK4BLVQOESGSGFTFQ5XMMQGVO,3ML4SXAKAKMGPHGL2LN07CIQFN19BD,Rate Similarity of GIFs,Rate overall similarity between the content of two GIFs,"image, gif, similarity, rate",$0.10,Tue Apr 19 13:09:53 PDT 2016,25,BatchId:2362803;,1800,60,Tue Apr 26 13:09:53 PDT 2016,,,3D4CH1LGEATVDQD7FHFZCRCKREF9GF,A2RDNYV4SH5E89,Approved,Tue Apr 19 13:10:44 PDT 2016,Tue Apr 19 13:11:38 PDT 2016,Tue Apr 19 13:12:38 PDT 2016,Tue Apr 19 13:12:16 PDT 2016,,,54,100% (5/5),100% (5/5),100% (5/5),demonstration_,5,3,3,,,,,,,,
31HLTCK4BLVQOESGSGFTFQ5XMMQGVO,3ML4SXAKAKMGPHGL2LN07CIQFN19BD,Rate Similarity of GIFs,Rate overall similarity between the content of two GIFs,"image, gif, similarity, rate",$0.10,Tue Apr 19 13:09:53 PDT 2016,25,BatchId:2362803;,1800,60,Tue Apr 26 13:09:53 PDT 2016,,,3E4GGUZ1T8RPFSORKZLZ0WWZSPMK21,A3UV55HC87DO9C,Approved,Tue Apr 19 13:11:13 PDT 2016,Tue Apr 19 13:11:58 PDT 2016,Tue Apr 19 13:12:58 PDT 2016,Tue Apr 19 13:13:25 PDT 2016,,,45,100% (6/6),100% (5/5),100% (5/5),demonstration_,1,5,5,,,,,,,,
31HLTCK4BLVQOESGSGFTFQ5XMMQGVO,3ML4SXAKAKMGPHGL2LN07CIQFN19BD,Rate Similarity of GIFs,Rate overall similarity between the content of two GIFs,"image, gif, similarity, rate",$0.10,Tue Apr 19 13:09:53 PDT 2016,25,BatchId:2362803;,1800,60,Tue Apr 26 13:09:53 PDT 2016,,,3G5W44VEU7IFUMWYJE6O20Q028VKGO,A33LCOYO34DTZK,Approved,Tue Apr 19 13:19:57 PDT 2016,Tue Apr 19 13:34:29 PDT 2016,Tue Apr 19 13:35:29 PDT 2016,2016-04-19 20:40:15 UTC,,,872,100% (5/5),100% (5/5),100% (5/5),demonstration_,1,1,1,,,,,,,,
31HLTCK4BLVQOESGSGFTFQ5XMMQGVO,3ML4SXAKAKMGPHGL2LN07CIQFN19BD,Rate Similarity of GIFs,Rate overall similarity between the content of two GIFs,"image, gif, similarity, rate",$0.10,Tue Apr 19 13:09:53 PDT 2016,25,BatchId:2362803;,1800,60,Tue Apr 26 13:09:53 PDT 2016,,,3HMIGG0U4L6VLCFX4VVRJVODC5GY88,A1QYQHXCJ11UXG,Approved,Tue Apr 19 14:14:58 PDT 2016,Tue Apr 19 14:15:41 PDT 2016,Tue Apr 19 14:16:41 PDT 2016,2016-04-19 21:20:15 UTC,,,43,100% (2/2),100% (2/2),100% (2/2),demonstration_,4,7,6,,,,,,,,
31HLTCK4BLVQOESGSGFTFQ5XMMQGVO,3ML4SXAKAKMGPHGL2LN07CIQFN19BD,Rate Similarity of GIFs,Rate overall similarity between the content of two GIFs,"image, gif, similarity, rate",$0.10,Tue Apr 19 13:09:53 PDT 2016,25,BatchId:2362803;,1800,60,Tue Apr 26 13:09:53 PDT 2016,,,3IXQG4FA2TYZM95WZVNLBGLNB1O9BZ,A10GZ0SWBZIRBK,Approved,Tue Apr 19 13:12:57 PDT 2016,Tue Apr 19 13:13:14 PDT 2016,Tue Apr 19 13:14:14 PDT 2016,Tue Apr 19 13:14:40 PDT 2016,,,17,100% (5/5),100% (5/5),100% (5/5),demonstration_,6,5,8,,,,,,,,
31HLTCK4BLVQOESGSGFTFQ5XMMQGVO,3ML4SXAKAKMGPHGL2LN07CIQFN19BD,Rate Similarity of GIFs,Rate overall similarity between the content of two GIFs,"image, gif, similarity, rate",$0.10,Tue Apr 19 13:09:53 PDT 2016,25,BatchId:2362803;,1800,60,Tue Apr 26 13:09:53 PDT 2016,,,3JBT3HLQF82GWUOJMYZLJOS578RZPP,A1BPEPR8BOKBJ,Approved,Tue Apr 19 13:14:22 PDT 2016,Tue Apr 19 13:14:44 PDT 2016,Tue Apr 19 13:15:44 PDT 2016,Tue Apr 19 13:15:48 PDT 2016,,,22,100% (5/5),100% (5/5),100% (5/5),demonstration_,7,5,6,,,,,,,,
31HLTCK4BLVQOESGSGFTFQ5XMMQGVO,3ML4SXAKAKMGPHGL2LN07CIQFN19BD,Rate Similarity of GIFs,Rate overall similarity between the content of two GIFs,"image, gif, similarity, rate",$0.10,Tue Apr 19 13:09:53 PDT 2016,25,BatchId:2362803;,1800,60,Tue Apr 26 13:09:53 PDT 2016,,,3K772S5NP8BQ8IZZ7YD3P5PWXB9HEX,AR6MC5TT8YDLY,Approved,Tue Apr 19 13:12:54 PDT 2016,Tue Apr 19 13:13:13 PDT 2016,Tue Apr 19 13:14:13 PDT 2016,Tue Apr 19 13:14:40 PDT 2016,,,19,100% (5/5),100% (5/5),100% (5/5),demonstration_,4,3,1,,,,,,,,
31HLTCK4BLVQOESGSGFTFQ5XMMQGVO,3ML4SXAKAKMGPHGL2LN07CIQFN19BD,Rate Similarity of GIFs,Rate overall similarity between the content of two GIFs,"image, gif, similarity, rate",$0.10,Tue Apr 19 13:09:53 PDT 2016,25,BatchId:2362803;,1800,60,Tue Apr 26 13:09:53 PDT 2016,,,3KXIR214I4G41QZOZ7YJTF73V3W24T,A3RR85PK3AV9TU,Approved,Tue Apr 19 13:11:20 PDT 2016,Tue Apr 19 13:29:00 PDT 2016,Tue Apr 19 13:30:00 PDT 2016,Tue Apr 19 13:29:35 PDT 2016,,,1060,100% (5/5),100% (5/5),100% (5/5),demonstration_,6,4,4,,,,,,,,
31HLTCK4BLVQOESGSGFTFQ5XMMQGVO,3ML4SXAKAKMGPHGL2LN07CIQFN19BD,Rate Similarity of GIFs,Rate overall similarity between the content of two GIFs,"image, gif, similarity, rate",$0.10,Tue Apr 19 13:09:53 PDT 2016,25,BatchId:2362803;,1800,60,Tue Apr 26 13:09:53 PDT 2016,,,3L2IS5HSFAIZ7AIW0WNLY78V5BAUNY,A3BBPCRHAJ61PP,Approved,Tue Apr 19 13:11:55 PDT 2016,Tue Apr 19 13:12:26 PDT 2016,Tue Apr 19 13:13:26 PDT 2016,Tue Apr 19 13:13:25 PDT 2016,,,31,100% (5/5),100% (5/5),100% (5/5),demonstration_,3,3,6,,,,,,,,
31HLTCK4BLVQOESGSGFTFQ5XMMQGVO,3ML4SXAKAKMGPHGL2LN07CIQFN19BD,Rate Similarity of GIFs,Rate overall similarity between the content of two GIFs,"image, gif, similarity, rate",$0.10,Tue Apr 19 13:09:53 PDT 2016,25,BatchId:2362803;,1800,60,Tue Apr 26 13:09:53 PDT 2016,,,3OS46CRSLFZRD41465B9SIOSOSW6VR,A1EGJ0KJG2QFB4,Approved,Tue Apr 19 13:13:04 PDT 2016,Tue Apr 19 13:13:14 PDT 2016,Tue Apr 19 13:14:14 PDT 2016,Tue Apr 19 13:14:40 PDT 2016,,,10,100% (5/5),100% (5/5),100% (5/5),demonstration_,2,5,8,,,,,,,,
31HLTCK4BLVQOESGSGFTFQ5XMMQGVO,3ML4SXAKAKMGPHGL2LN07CIQFN19BD,Rate Similarity of GIFs,Rate overall similarity between the content of two GIFs,"image, gif, similarity, rate",$0.10,Tue Apr 19 13:09:53 PDT 2016,25,BatchId:2362803;,1800,60,Tue Apr 26 13:09:53 PDT 2016,,,3QECW5O0KH1GH8X1WR1PZUM7VD0T5F,A10E5MI9D5XEUQ,Approved,Tue Apr 19 14:18:31 PDT 2016,Tue Apr 19 14:19:06 PDT 2016,Tue Apr 19 14:20:06 PDT 2016,2016-04-19 21:20:15 UTC,,,35,100% (1/1),100% (1/1),100% (1/1),demonstration_,7,3,1,,,,,,,,
31HLTCK4BLVQOESGSGFTFQ5XMMQGVO,3ML4SXAKAKMGPHGL2LN07CIQFN19BD,Rate Similarity of GIFs,Rate overall similarity between the content of two GIFs,"image, gif, similarity, rate",$0.10,Tue Apr 19 13:09:53 PDT 2016,25,BatchId:2362803;,1800,60,Tue Apr 26 13:09:53 PDT 2016,,,3R2PKQ87NW8OG12WUEJ72PVK6QFIMG,AZE084MMZVEYT,Approved,Tue Apr 19 13:14:03 PDT 2016,Tue Apr 19 13:14:13 PDT 2016,Tue Apr 19 13:15:13 PDT 2016,Tue Apr 19 13:14:40 PDT 2016,,,10,100% (6/6),100% (5/5),100% (5/5),demonstration_,5,5,8,,,,,,,,
31HLTCK4BLVQOESGSGFTFQ5XMMQGVO,3ML4SXAKAKMGPHGL2LN07CIQFN19BD,Rate Similarity of GIFs,Rate overall similarity between the content of two GIFs,"image, gif, similarity, rate",$0.10,Tue Apr 19 13:09:53 PDT 2016,25,BatchId:2362803;,1800,60,Tue Apr 26 13:09:53 PDT 2016,,,3RKNTXVS3MYT6TUSCMRYZXQ17S8A4U,A2UHMLMFCP9J72,Approved,Tue Apr 19 13:55:13 PDT 2016,Tue Apr 19 13:55:40 PDT 2016,Tue Apr 19 13:56:40 PDT 2016,Tue Apr 19 13:56:36 PDT 2016,,,27,100% (4/4),100% (4/4),100% (4/4),demonstration_,3,2,1,,,,,,,,
31HLTCK4BLVQOESGSGFTFQ5XMMQGVO,3ML4SXAKAKMGPHGL2LN07CIQFN19BD,Rate Similarity of GIFs,Rate overall similarity between the content of two GIFs,"image, gif, similarity, rate",$0.10,Tue Apr 19 13:09:53 PDT 2016,25,BatchId:2362803;,1800,60,Tue Apr 26 13:09:53 PDT 2016,,,3U0SRXB7CD57RIQFW2SGTWLBYC8NRP,A2S75O867RJG0I,Approved,Tue Apr 19 13:14:03 PDT 2016,Tue Apr 19 13:15:31 PDT 2016,Tue Apr 19 13:16:31 PDT 2016,Tue Apr 19 13:15:48 PDT 2016,,,88,100% (1/1),100% (1/1),100% (1/1),demonstration_,4,6,7,,,,,,,,
31HLTCK4BLVQOESGSGFTFQ5XMMQGVO,3ML4SXAKAKMGPHGL2LN07CIQFN19BD,Rate Similarity of GIFs,Rate overall similarity between the content of two GIFs,"image, gif, similarity, rate",$0.10,Tue Apr 19 13:09:53 PDT 2016,25,BatchId:2362803;,1800,60,Tue Apr 26 13:09:53 PDT 2016,,,3U5NZHP4LR2U59OPGCTEJHO0BIFHPM,A4H1NYJVE7C53,Approved,Tue Apr 19 13:21:15 PDT 2016,Tue Apr 19 13:22:06 PDT 2016,Tue Apr 19 13:23:06 PDT 2016,Tue Apr 19 13:22:23 PDT 2016,,,51,100% (8/8),100% (5/5),100% (5/5),demonstration_,6,6,5,,,,,,,,
31HLTCK4BLVQOESGSGFTFQ5XMMQGVO,3ML4SXAKAKMGPHGL2LN07CIQFN19BD,Rate Similarity of GIFs,Rate overall similarity between the content of two GIFs,"image, gif, similarity, rate",$0.10,Tue Apr 19 13:09:53 PDT 2016,25,BatchId:2362803;,1800,60,Tue Apr 26 13:09:53 PDT 2016,,,3UXUOQ9OKEXQPGCBEKP529ABYTFA7T,AMYURTQIMAC8T,Approved,Tue Apr 19 13:14:03 PDT 2016,Tue Apr 19 13:14:19 PDT 2016,Tue Apr 19 13:15:19 PDT 2016,Tue Apr 19 13:15:48 PDT 2016,,,16,100% (5/5),100% (5/5),100% (5/5),demonstration_,8,7,7,,,,,,,,
31HLTCK4BLVQOESGSGFTFQ5XMMQGVO,3ML4SXAKAKMGPHGL2LN07CIQFN19BD,Rate Similarity of GIFs,Rate overall similarity between the content of two GIFs,"image, gif, similarity, rate",$0.10,Tue Apr 19 13:09:53 PDT 2016,25,BatchId:2362803;,1800,60,Tue Apr 26 13:09:53 PDT 2016,,,3WLEIWSYHOHYD2NJEEI2N4G708J2HG,A3ISPUB7WFJSMK,Approved,Tue Apr 19 13:13:46 PDT 2016,Tue Apr 19 13:14:31 PDT 2016,Tue Apr 19 13:15:31 PDT 2016,Tue Apr 19 13:15:48 PDT 2016,,,45,100% (5/5),100% (5/5),100% (5/5),demonstration_,5,3,2,,,,,,,,
31HLTCK4BLVQOESGSGFTFQ5XMMQGVO,3ML4SXAKAKMGPHGL2LN07CIQFN19BD,Rate Similarity of GIFs,Rate overall similarity between the content of two GIFs,"image, gif, similarity, rate",$0.10,Tue Apr 19 13:09:53 PDT 2016,25,BatchId:2362803;,1800,60,Tue Apr 26 13:09:53 PDT 2016,,,3Y5140Z9DXGU14Z9MUBZJTPFBVVIPH,A1F1ZJ080IDPZW,Approved,Tue Apr 19 13:25:18 PDT 2016,Tue Apr 19 13:25:51 PDT 2016,Tue Apr 19 13:26:51 PDT 2016,Tue Apr 19 13:27:57 PDT 2016,,,33,100% (5/5),100% (5/5),100% (5/5),demonstration_,8,6,9,,,,,,,,
31HLTCK4BLVQOESGSGFTFQ5XMMQGVO,3ML4SXAKAKMGPHGL2LN07CIQFN19BD,Rate Similarity of GIFs,Rate overall similarity between the content of two GIFs,"image, gif, similarity, rate",$0.10,Tue Apr 19 13:09:53 PDT 2016,25,BatchId:2362803;,1800,60,Tue Apr 26 13:09:53 PDT 2016,,,3Y9N9SS8LYB6M4E0WIDHFT61EV23DX,A2O8U9FCUBQA97,Approved,Tue Apr 19 13:40:15 PDT 2016,Tue Apr 19 13:40:52 PDT 2016,Tue Apr 19 13:41:52 PDT 2016,Tue Apr 19 13:42:23 PDT 2016,,,37,100% (4/4),100% (4/4),100% (4/4),demonstration_,4,3,1,,,,,,,,
31HLTCK4BLVQOESGSGFTFQ5XMMQGVO,3ML4SXAKAKMGPHGL2LN07CIQFN19BD,Rate Similarity of GIFs,Rate overall similarity between the content of two GIFs,"image, gif, similarity, rate",$0.10,Tue Apr 19 13:09:53 PDT 2016,25,BatchId:2362803;,1800,60,Tue Apr 26 13:09:53 PDT 2016,,,3ZPPDN2SLVWXTCHG9MPBCOR8EY19EZ,A3GLUDQZGEJL5G,Approved,Tue Apr 19 13:13:07 PDT 2016,Tue Apr 19 13:13:37 PDT 2016,Tue Apr 19 13:14:37 PDT 2016,2016-04-19 20:15:15 UTC,,,30,100% (5/5),100% (5/5),100% (5/5),demonstration_,9,6,7,,,,,,,,
3URJ6VVYUPNFMEQZW3REB9EM0OL4OO,3ML4SXAKAKMGPHGL2LN07CIQFN19BD,Rate Similarity of GIFs,Rate overall similarity between the content of two GIFs,"image, gif, similarity, rate",$0.10,Tue Apr 19 13:09:53 PDT 2016,25,BatchId:2362803;,1800,60,Tue Apr 26 13:09:53 PDT 2016,,,320DUZ38G7MKJ2QG1T6C1LQNNJQJGJ,A2O7H7VXLFN6BP,Approved,Tue Apr 19 13:11:32 PDT 2016,Tue Apr 19 13:12:16 PDT 2016,Tue Apr 19 13:13:16 PDT 2016,Tue Apr 19 13:14:21 PDT 2016,,,44,100% (5/5),100% (5/5),100% (5/5),predictions_error_weighted,4,9,2,,,,2.64,7.72,3.24,,4.5333333333
3URJ6VVYUPNFMEQZW3REB9EM0OL4OO,3ML4SXAKAKMGPHGL2LN07CIQFN19BD,Rate Similarity of GIFs,Rate overall similarity between the content of two GIFs,"image, gif, similarity, rate",$0.10,Tue Apr 19 13:09:53 PDT 2016,25,BatchId:2362803;,1800,60,Tue Apr 26 13:09:53 PDT 2016,,,336KAV9KYQSKZXD8OEMQ94BAQ4VY2A,A2RDNYV4SH5E89,Approved,Tue Apr 19 13:12:17 PDT 2016,Tue Apr 19 13:12:48 PDT 2016,Tue Apr 19 13:13:48 PDT 2016,Tue Apr 19 13:14:21 PDT 2016,,,31,100% (5/5),100% (5/5),100% (5/5),predictions_error_weighted,2,8,3,,,,,,,,
3URJ6VVYUPNFMEQZW3REB9EM0OL4OO,3ML4SXAKAKMGPHGL2LN07CIQFN19BD,Rate Similarity of GIFs,Rate overall similarity between the content of two GIFs,"image, gif, similarity, rate",$0.10,Tue Apr 19 13:09:53 PDT 2016,25,BatchId:2362803;,1800,60,Tue Apr 26 13:09:53 PDT 2016,,,34FNN24DCM9CYUWV6XOO7BEMAERY5G,A4H1NYJVE7C53,Approved,Tue Apr 19 13:25:25 PDT 2016,Tue Apr 19 13:25:56 PDT 2016,Tue Apr 19 13:26:56 PDT 2016,Tue Apr 19 13:29:31 PDT 2016,,,31,100% (8/8),100% (5/5),100% (5/5),predictions_error_weighted,5,7,1,,,,2.64,7.72,3.24,,
3URJ6VVYUPNFMEQZW3REB9EM0OL4OO,3ML4SXAKAKMGPHGL2LN07CIQFN19BD,Rate Similarity of GIFs,Rate overall similarity between the content of two GIFs,"image, gif, similarity, rate",$0.10,Tue Apr 19 13:09:53 PDT 2016,25,BatchId:2362803;,1800,60,Tue Apr 26 13:09:53 PDT 2016,,,354GIDR5ZB6G6SE91J73YOOBHTY00T,A1BPEPR8BOKBJ,Approved,Tue Apr 19 13:16:26 PDT 2016,Tue Apr 19 13:16:42 PDT 2016,Tue Apr 19 13:17:42 PDT 2016,Tue Apr 19 13:19:20 PDT 2016,,,16,100% (5/5),100% (5/5),100% (5/5),predictions_error_weighted,3,9,6,,,,,,,,
3URJ6VVYUPNFMEQZW3REB9EM0OL4OO,3ML4SXAKAKMGPHGL2LN07CIQFN19BD,Rate Similarity of GIFs,Rate overall similarity between the content of two GIFs,"image, gif, similarity, rate",$0.10,Tue Apr 19 13:09:53 PDT 2016,25,BatchId:2362803;,1800,60,Tue Apr 26 13:09:53 PDT 2016,,,36WLNQG78ZAGH5WD76373UMY2Y3BEA,A3GLUDQZGEJL5G,Approved,Tue Apr 19 13:12:33 PDT 2016,Tue Apr 19 13:13:05 PDT 2016,Tue Apr 19 13:14:05 PDT 2016,Tue Apr 19 13:14:22 PDT 2016,,,32,100% (5/5),100% (5/5),100% (5/5),predictions_error_weighted,5,10,7,,,,1.6041612554,2.0920484379,2.2597935009,,1.9853343981
3URJ6VVYUPNFMEQZW3REB9EM0OL4OO,3ML4SXAKAKMGPHGL2LN07CIQFN19BD,Rate Similarity of GIFs,Rate overall similarity between the content of two GIFs,"image, gif, similarity, rate",$0.10,Tue Apr 19 13:09:53 PDT 2016,25,BatchId:2362803;,1800,60,Tue Apr 26 13:09:53 PDT 2016,,,37Q970SNZE8GEQJ364UNMZD4HDKS18,A10GZ0SWBZIRBK,Approved,Tue Apr 19 13:12:16 PDT 2016,Tue Apr 19 13:12:44 PDT 2016,Tue Apr 19 13:13:44 PDT 2016,Tue Apr 19 13:14:22 PDT 2016,,,28,100% (5/5),100% (5/5),100% (5/5),predictions_error_weighted,1,9,3,,,,,,,,
3URJ6VVYUPNFMEQZW3REB9EM0OL4OO,3ML4SXAKAKMGPHGL2LN07CIQFN19BD,Rate Similarity of GIFs,Rate overall similarity between the content of two GIFs,"image, gif, similarity, rate",$0.10,Tue Apr 19 13:09:53 PDT 2016,25,BatchId:2362803;,1800,60,Tue Apr 26 13:09:53 PDT 2016,,,37XITHEISW9O0ETO7CJ2DLRZZ8UCRW,AZE084MMZVEYT,Approved,Tue Apr 19 13:13:42 PDT 2016,Tue Apr 19 13:13:52 PDT 2016,Tue Apr 19 13:14:52 PDT 2016,2016-04-19 20:15:15 UTC,,,10,100% (6/6),100% (5/5),100% (5/5),predictions_error_weighted,1,7,3,,,,,,,,
3URJ6VVYUPNFMEQZW3REB9EM0OL4OO,3ML4SXAKAKMGPHGL2LN07CIQFN19BD,Rate Similarity of GIFs,Rate overall similarity between the content of two GIFs,"image, gif, similarity, rate",$0.10,Tue Apr 19 13:09:53 PDT 2016,25,BatchId:2362803;,1800,60,Tue Apr 26 13:09:53 PDT 2016,,,39ZSFO5CA8W3OKRBLYVT50REWRFUJ4,A16G6PPH1INQL8,Approved,Tue Apr 19 13:33:18 PDT 2016,Tue Apr 19 13:33:56 PDT 2016,Tue Apr 19 13:34:56 PDT 2016,2016-04-19 20:35:15 UTC,,,38,100% (4/4),100% (4/4),100% (4/4),predictions_error_weighted,1,3,1,,,,,,,,
3URJ6VVYUPNFMEQZW3REB9EM0OL4OO,3ML4SXAKAKMGPHGL2LN07CIQFN19BD,Rate Similarity of GIFs,Rate overall similarity between the content of two GIFs,"image, gif, similarity, rate",$0.10,Tue Apr 19 13:09:53 PDT 2016,25,BatchId:2362803;,1800,60,Tue Apr 26 13:09:53 PDT 2016,,,3A1PQ49WVHHROH5NVAIOIL628261HZ,A3ISPUB7WFJSMK,Approved,Tue Apr 19 13:15:24 PDT 2016,Tue Apr 19 13:15:50 PDT 2016,Tue Apr 19 13:16:50 PDT 2016,Tue Apr 19 13:17:33 PDT 2016,,,26,100% (5/5),100% (5/5),100% (5/5),predictions_error_weighted,1,8,2,,,,,,,,
3URJ6VVYUPNFMEQZW3REB9EM0OL4OO,3ML4SXAKAKMGPHGL2LN07CIQFN19BD,Rate Similarity of GIFs,Rate overall similarity between the content of two GIFs,"image, gif, similarity, rate",$0.10,Tue Apr 19 13:09:53 PDT 2016,25,BatchId:2362803;,1800,60,Tue Apr 26 13:09:53 PDT 2016,,,3AWETUDC92SOF81F9391ARRTLU3IZ3,A1F1ZJ080IDPZW,Approved,Tue Apr 19 13:27:02 PDT 2016,Tue Apr 19 13:27:51 PDT 2016,Tue Apr 19 13:28:51 PDT 2016,Tue Apr 19 13:29:35 PDT 2016,,,49,100% (5/5),100% (5/5),100% (5/5),predictions_error_weighted,5,9,7,,,,,,,,
3URJ6VVYUPNFMEQZW3REB9EM0OL4OO,3ML4SXAKAKMGPHGL2LN07CIQFN19BD,Rate Similarity of GIFs,Rate overall similarity between the content of two GIFs,"image, gif, similarity, rate",$0.10,Tue Apr 19 13:09:53 PDT 2016,25,BatchId:2362803;,1800,60,Tue Apr 26 13:09:53 PDT 2016,,,3F0BG9B9MPNRLYAEUQ3L5VSI1LUY75,A2O8U9FCUBQA97,Approved,Tue Apr 19 13:41:25 PDT 2016,Tue Apr 19 13:42:03 PDT 2016,Tue Apr 19 13:43:03 PDT 2016,Tue Apr 19 13:43:59 PDT 2016,,,38,100% (4/4),100% (4/4),100% (4/4),predictions_error_weighted,3,7,1,,,,,,,,
3URJ6VVYUPNFMEQZW3REB9EM0OL4OO,3ML4SXAKAKMGPHGL2LN07CIQFN19BD,Rate Similarity of GIFs,Rate overall similarity between the content of two GIFs,"image, gif, similarity, rate",$0.10,Tue Apr 19 13:09:53 PDT 2016,25,BatchId:2362803;,1800,60,Tue Apr 26 13:09:53 PDT 2016,,,3G5W44VEU7IFUMWYJE6O20Q028SGKH,A9KPCMO1J1LQF,Approved,Tue Apr 19 13:14:47 PDT 2016,Tue Apr 19 13:21:19 PDT 2016,Tue Apr 19 13:22:19 PDT 2016,Tue Apr 19 13:23:23 PDT 2016,,,392,100% (6/6),100% (5/5),100% (5/5),predictions_error_weighted,4,8,3,,,,,,,,
3URJ6VVYUPNFMEQZW3REB9EM0OL4OO,3ML4SXAKAKMGPHGL2LN07CIQFN19BD,Rate Similarity of GIFs,Rate overall similarity between the content of two GIFs,"image, gif, similarity, rate",$0.10,Tue Apr 19 13:09:53 PDT 2016,25,BatchId:2362803;,1800,60,Tue Apr 26 13:09:53 PDT 2016,,,3I3WADAZ9Q404GST0AFQ5KGKW555OR,AU2C0Q45DVGJO,Approved,Tue Apr 19 13:49:22 PDT 2016,Tue Apr 19 13:50:24 PDT 2016,Tue Apr 19 13:51:24 PDT 2016,Tue Apr 19 13:51:53 PDT 2016,,,62,100% (4/4),100% (4/4),100% (4/4),predictions_error_weighted,3,9,2,,,,,,,,
3URJ6VVYUPNFMEQZW3REB9EM0OL4OO,3ML4SXAKAKMGPHGL2LN07CIQFN19BD,Rate Similarity of GIFs,Rate overall similarity between the content of two GIFs,"image, gif, similarity, rate",$0.10,Tue Apr 19 13:09:53 PDT 2016,25,BatchId:2362803;,1800,60,Tue Apr 26 13:09:53 PDT 2016,,,3J88R45B2GYRRZO4LGB0M3CUZ8TPXI,A3UV55HC87DO9C,Approved,Tue Apr 19 13:12:11 PDT 2016,Tue Apr 19 13:12:59 PDT 2016,Tue Apr 19 13:13:59 PDT 2016,Tue Apr 19 13:14:22 PDT 2016,,,48,100% (6/6),100% (5/5),100% (5/5),predictions_error_weighted,3,10,5,,,,,,,,
3URJ6VVYUPNFMEQZW3REB9EM0OL4OO,3ML4SXAKAKMGPHGL2LN07CIQFN19BD,Rate Similarity of GIFs,Rate overall similarity between the content of two GIFs,"image, gif, similarity, rate",$0.10,Tue Apr 19 13:09:53 PDT 2016,25,BatchId:2362803;,1800,60,Tue Apr 26 13:09:53 PDT 2016,,,3MD9PLUKKIEGT9C66JMTFZNA7TPZNS,A3BBPCRHAJ61PP,Approved,Tue Apr 19 13:11:36 PDT 2016,Tue Apr 19 13:11:54 PDT 2016,Tue Apr 19 13:12:54 PDT 2016,Tue Apr 19 13:13:20 PDT 2016,,,18,100% (5/5),100% (5/5),100% (5/5),predictions_error_weighted,2,9,5,,,,,,,,
3URJ6VVYUPNFMEQZW3REB9EM0OL4OO,3ML4SXAKAKMGPHGL2LN07CIQFN19BD,Rate Similarity of GIFs,Rate overall similarity between the content of two GIFs,"image, gif, similarity, rate",$0.10,Tue Apr 19 13:09:53 PDT 2016,25,BatchId:2362803;,1800,60,Tue Apr 26 13:09:53 PDT 2016,,,3OJSZ2ATDSWTJA0UJOYOUYUP6GX755,A2UHMLMFCP9J72,Approved,Tue Apr 19 13:54:45 PDT 2016,Tue Apr 19 13:55:12 PDT 2016,Tue Apr 19 13:56:12 PDT 2016,Tue Apr 19 13:56:32 PDT 2016,,,27,100% (4/4),100% (4/4),100% (4/4),predictions_error_weighted,1,3,2,,,,,,,,
3URJ6VVYUPNFMEQZW3REB9EM0OL4OO,3ML4SXAKAKMGPHGL2LN07CIQFN19BD,Rate Similarity of GIFs,Rate overall similarity between the content of two GIFs,"image, gif, similarity, rate",$0.10,Tue Apr 19 13:09:53 PDT 2016,25,BatchId:2362803;,1800,60,Tue Apr 26 13:09:53 PDT 2016,,,3P4MQ7TPPXCIA2KTXF1H2MGDZ1QBBA,AR6MC5TT8YDLY,Approved,Tue Apr 19 13:12:28 PDT 2016,Tue Apr 19 13:12:54 PDT 2016,Tue Apr 19 13:13:54 PDT 2016,Tue Apr 19 13:14:22 PDT 2016,,,26,100% (5/5),100% (5/5),100% (5/5),predictions_error_weighted,1,3,1,,,,,,,,
3URJ6VVYUPNFMEQZW3REB9EM0OL4OO,3ML4SXAKAKMGPHGL2LN07CIQFN19BD,Rate Similarity of GIFs,Rate overall similarity between the content of two GIFs,"image, gif, similarity, rate",$0.10,Tue Apr 19 13:09:53 PDT 2016,25,BatchId:2362803;,1800,60,Tue Apr 26 13:09:53 PDT 2016,,,3PW9OPU9PQKN9R25CPFHVH00JJR12K,A33LCOYO34DTZK,Approved,Tue Apr 19 13:20:50 PDT 2016,Tue Apr 19 13:21:11 PDT 2016,Tue Apr 19 13:22:11 PDT 2016,Tue Apr 19 13:22:25 PDT 2016,,,21,100% (5/5),100% (5/5),100% (5/5),predictions_error_weighted,1,7,1,,,,,,,,
3URJ6VVYUPNFMEQZW3REB9EM0OL4OO,3ML4SXAKAKMGPHGL2LN07CIQFN19BD,Rate Similarity of GIFs,Rate overall similarity between the content of two GIFs,"image, gif, similarity, rate",$0.10,Tue Apr 19 13:09:53 PDT 2016,25,BatchId:2362803;,1800,60,Tue Apr 26 13:09:53 PDT 2016,,,3QBD8R3Z21JI8XOTM5WG0SA6W8S4O1,A2PB40X3ID3ZHY,Approved,Tue Apr 19 13:15:13 PDT 2016,Tue Apr 19 13:17:09 PDT 2016,Tue Apr 19 13:18:09 PDT 2016,Tue Apr 19 13:19:20 PDT 2016,,,116,100% (1/1),100% (1/1),100% (1/1),predictions_error_weighted,1,6,1,,,,,,,,
3URJ6VVYUPNFMEQZW3REB9EM0OL4OO,3ML4SXAKAKMGPHGL2LN07CIQFN19BD,Rate Similarity of GIFs,Rate overall similarity between the content of two GIFs,"image, gif, similarity, rate",$0.10,Tue Apr 19 13:09:53 PDT 2016,25,BatchId:2362803;,1800,60,Tue Apr 26 13:09:53 PDT 2016,,,3QHK8ZVMIMIUNB65OSQBGPCIBV4LB7,A38K3QQPV8CTPC,Approved,Tue Apr 19 13:12:31 PDT 2016,Tue Apr 19 13:13:02 PDT 2016,Tue Apr 19 13:14:02 PDT 2016,Tue Apr 19 13:14:22 PDT 2016,,,31,100% (1/1),100% (1/1),100% (1/1),predictions_error_weighted,1,8,1,,,,,,,,
3URJ6VVYUPNFMEQZW3REB9EM0OL4OO,3ML4SXAKAKMGPHGL2LN07CIQFN19BD,Rate Similarity of GIFs,Rate overall similarity between the content of two GIFs,"image, gif, similarity, rate",$0.10,Tue Apr 19 13:09:53 PDT 2016,25,BatchId:2362803;,1800,60,Tue Apr 26 13:09:53 PDT 2016,,,3RGU30DZTA8KBCM2CW47EQAKJ52MJU,A1EGJ0KJG2QFB4,Approved,Tue Apr 19 13:12:31 PDT 2016,Tue Apr 19 13:12:52 PDT 2016,Tue Apr 19 13:13:52 PDT 2016,Tue Apr 19 13:14:22 PDT 2016,,,21,100% (5/5),100% (5/5),100% (5/5),predictions_error_weighted,1,10,8,,,,,,,,
3URJ6VVYUPNFMEQZW3REB9EM0OL4OO,3ML4SXAKAKMGPHGL2LN07CIQFN19BD,Rate Similarity of GIFs,Rate overall similarity between the content of two GIFs,"image, gif, similarity, rate",$0.10,Tue Apr 19 13:09:53 PDT 2016,25,BatchId:2362803;,1800,60,Tue Apr 26 13:09:53 PDT 2016,,,3TDXMTX3CBUMRYH47YCQDTYYGQ06IU,AMYURTQIMAC8T,Approved,Tue Apr 19 13:12:40 PDT 2016,Tue Apr 19 13:13:24 PDT 2016,Tue Apr 19 13:14:24 PDT 2016,Tue Apr 19 13:14:22 PDT 2016,,,44,100% (5/5),100% (5/5),100% (5/5),predictions_error_weighted,5,10,6,,,,,,,,
3URJ6VVYUPNFMEQZW3REB9EM0OL4OO,3ML4SXAKAKMGPHGL2LN07CIQFN19BD,Rate Similarity of GIFs,Rate overall similarity between the content of two GIFs,"image, gif, similarity, rate",$0.10,Tue Apr 19 13:09:53 PDT 2016,25,BatchId:2362803;,1800,60,Tue Apr 26 13:09:53 PDT 2016,,,3UNH76FOCS5A61H1YW5AODP8WA6YMX,A1JL8N1PWIFDH2,Approved,Tue Apr 19 14:14:31 PDT 2016,Tue Apr 19 14:15:00 PDT 2016,Tue Apr 19 14:16:00 PDT 2016,2016-04-19 21:20:15 UTC,,,29,100% (3/3),100% (3/3),100% (3/3),predictions_error_weighted,5,9,4,,,,,,,,
3URJ6VVYUPNFMEQZW3REB9EM0OL4OO,3ML4SXAKAKMGPHGL2LN07CIQFN19BD,Rate Similarity of GIFs,Rate overall similarity between the content of two GIFs,"image, gif, similarity, rate",$0.10,Tue Apr 19 13:09:53 PDT 2016,25,BatchId:2362803;,1800,60,Tue Apr 26 13:09:53 PDT 2016,,,3WEV0KO0OMSA6LZFMXEIN1ED6ANDSJ,A130X6CF795CQ5,Approved,Tue Apr 19 13:11:07 PDT 2016,Tue Apr 19 13:12:00 PDT 2016,Tue Apr 19 13:13:00 PDT 2016,Tue Apr 19 13:13:20 PDT 2016,,,53,100% (6/6),100% (5/5),100% (5/5),predictions_error_weighted,4,8,5,,,,,,,,
3URJ6VVYUPNFMEQZW3REB9EM0OL4OO,3ML4SXAKAKMGPHGL2LN07CIQFN19BD,Rate Similarity of GIFs,Rate overall similarity between the content of two GIFs,"image, gif, similarity, rate",$0.10,Tue Apr 19 13:09:53 PDT 2016,25,BatchId:2362803;,1800,60,Tue Apr 26 13:09:53 PDT 2016,,,3ZAZR5XV01IX25FFHTDFZOTY8PBZCA,A3RR85PK3AV9TU,Approved,Tue Apr 19 13:11:21 PDT 2016,Tue Apr 19 13:25:55 PDT 2016,Tue Apr 19 13:26:55 PDT 2016,Tue Apr 19 13:27:57 PDT 2016,,,874,100% (5/5),100% (5/5),100% (5/5),predictions_error_weighted,3,7,1,,,,,,,,
33NOQL7T9OZS4JR8AFS88J1VMEJ8Z0,3ML4SXAKAKMGPHGL2LN07CIQFN19BD,Rate Similarity of GIFs,Rate overall similarity between the content of two GIFs,"image, gif, similarity, rate",$0.10,Tue Apr 19 13:09:53 PDT 2016,25,BatchId:2362803;,1800,60,Tue Apr 26 13:09:53 PDT 2016,,,31QNSG6A5RTC6SJWHM5R6I4G85G78N,A3ISPUB7WFJSMK,Approved,Tue Apr 19 13:15:51 PDT 2016,Tue Apr 19 13:16:07 PDT 2016,Tue Apr 19 13:17:07 PDT 2016,Tue Apr 19 13:17:32 PDT 2016,,,16,100% (5/5),100% (5/5),100% (5/5),predictions_kmeans,8,2,2,,,,6.76,3.88,1.8,,4.1466666667
33NOQL7T9OZS4JR8AFS88J1VMEJ8Z0,3ML4SXAKAKMGPHGL2LN07CIQFN19BD,Rate Similarity of GIFs,Rate overall similarity between the content of two GIFs,"image, gif, similarity, rate",$0.10,Tue Apr 19 13:09:53 PDT 2016,25,BatchId:2362803;,1800,60,Tue Apr 26 13:09:53 PDT 2016,,,32Z9ZLUT1LKCK9CO1CGZUHJA1DEHO0,A3RR85PK3AV9TU,Approved,Tue Apr 19 13:11:21 PDT 2016,Tue Apr 19 13:28:20 PDT 2016,Tue Apr 19 13:29:20 PDT 2016,2016-04-19 20:30:15 UTC,,,1019,100% (5/5),100% (5/5),100% (5/5),predictions_kmeans,8,3,1,,,,,,,,
33NOQL7T9OZS4JR8AFS88J1VMEJ8Z0,3ML4SXAKAKMGPHGL2LN07CIQFN19BD,Rate Similarity of GIFs,Rate overall similarity between the content of two GIFs,"image, gif, similarity, rate",$0.10,Tue Apr 19 13:09:53 PDT 2016,25,BatchId:2362803;,1800,60,Tue Apr 26 13:09:53 PDT 2016,,,34S6N1K2ZVJ4EO9ROK0720FG689HLJ,AR6MC5TT8YDLY,Approved,Tue Apr 19 13:11:35 PDT 2016,Tue Apr 19 13:12:27 PDT 2016,Tue Apr 19 13:13:27 PDT 2016,Tue Apr 19 13:13:19 PDT 2016,,,52,100% (5/5),100% (5/5),100% (5/5),predictions_kmeans,5,1,1,,,,6.76,3.88,1.8,,
33NOQL7T9OZS4JR8AFS88J1VMEJ8Z0,3ML4SXAKAKMGPHGL2LN07CIQFN19BD,Rate Similarity of GIFs,Rate overall similarity between the content of two GIFs,"image, gif, similarity, rate",$0.10,Tue Apr 19 13:09:53 PDT 2016,25,BatchId:2362803;,1800,60,Tue Apr 26 13:09:53 PDT 2016,,,36AHBNMV1RC727BOL3675N2ENVKDYY,A2O7H7VXLFN6BP,Approved,Tue Apr 19 13:12:35 PDT 2016,Tue Apr 19 13:12:52 PDT 2016,Tue Apr 19 13:13:52 PDT 2016,Tue Apr 19 13:14:31 PDT 2016,,,17,100% (5/5),100% (5/5),100% (5/5),predictions_kmeans,6,5,1,,,,,,,,
33NOQL7T9OZS4JR8AFS88J1VMEJ8Z0,3ML4SXAKAKMGPHGL2LN07CIQFN19BD,Rate Similarity of GIFs,Rate overall similarity between the content of two GIFs,"image, gif, similarity, rate",$0.10,Tue Apr 19 13:09:53 PDT 2016,25,BatchId:2362803;,1800,60,Tue Apr 26 13:09:53 PDT 2016,,,36H9ULYP62UE52ULQ90UJ0QBM55JF1,AU2C0Q45DVGJO,Approved,Tue Apr 19 13:41:41 PDT 2016,Tue Apr 19 13:43:04 PDT 2016,Tue Apr 19 13:44:04 PDT 2016,Tue Apr 19 13:43:58 PDT 2016,,,83,100% (4/4),100% (4/4),100% (4/4),predictions_kmeans,7,3,4,,,,2.1071307506,1.9857828011,1.1180339887,,1.7369825135
33NOQL7T9OZS4JR8AFS88J1VMEJ8Z0,3ML4SXAKAKMGPHGL2LN07CIQFN19BD,Rate Similarity of GIFs,Rate overall similarity between the content of two GIFs,"image, gif, similarity, rate",$0.10,Tue Apr 19 13:09:53 PDT 2016,25,BatchId:2362803;,1800,60,Tue Apr 26 13:09:53 PDT 2016,,,382M9COHEHFVD45J7XK28KEMRJDUED,AOQ9710CCIV9B,Approved,Tue Apr 19 13:20:09 PDT 2016,Tue Apr 19 13:20:42 PDT 2016,Tue Apr 19 13:21:42 PDT 2016,Tue Apr 19 13:22:24 PDT 2016,,,33,100% (1/1),100% (1/1),100% (1/1),predictions_kmeans,7,3,1,,,,,,,,
33NOQL7T9OZS4JR8AFS88J1VMEJ8Z0,3ML4SXAKAKMGPHGL2LN07CIQFN19BD,Rate Similarity of GIFs,Rate overall similarity between the content of two GIFs,"image, gif, similarity, rate",$0.10,Tue Apr 19 13:09:53 PDT 2016,25,BatchId:2362803;,1800,60,Tue Apr 26 13:09:53 PDT 2016,,,3AAJC4I4FGSKAJLLRLU1MS6TY9NZJR,A1BPEPR8BOKBJ,Approved,Tue Apr 19 13:17:27 PDT 2016,Tue Apr 19 13:17:40 PDT 2016,Tue Apr 19 13:18:40 PDT 2016,Tue Apr 19 13:19:19 PDT 2016,,,13,100% (5/5),100% (5/5),100% (5/5),predictions_kmeans,6,5,4,,,,,,,,
33NOQL7T9OZS4JR8AFS88J1VMEJ8Z0,3ML4SXAKAKMGPHGL2LN07CIQFN19BD,Rate Similarity of GIFs,Rate overall similarity between the content of two GIFs,"image, gif, similarity, rate",$0.10,Tue Apr 19 13:09:53 PDT 2016,25,BatchId:2362803;,1800,60,Tue Apr 26 13:09:53 PDT 2016,,,3D4CH1LGEATVDQD7FHFZCRCKRFP9GR,A16G6PPH1INQL8,Approved,Tue Apr 19 13:35:36 PDT 2016,Tue Apr 19 13:37:07 PDT 2016,Tue Apr 19 13:38:07 PDT 2016,2016-04-19 20:40:15 UTC,,,91,100% (4/4),100% (4/4),100% (4/4),predictions_kmeans,8,4,1,,,,,,,,
33NOQL7T9OZS4JR8AFS88J1VMEJ8Z0,3ML4SXAKAKMGPHGL2LN07CIQFN19BD,Rate Similarity of GIFs,Rate overall similarity between the content of two GIFs,"image, gif, similarity, rate",$0.10,Tue Apr 19 13:09:53 PDT 2016,25,BatchId:2362803;,1800,60,Tue Apr 26 13:09:53 PDT 2016,,,3E7TUJ2EGCMS163GDRER669NEMZ9D5,AUVC78LEL0T6L,Approved,Tue Apr 19 13:10:40 PDT 2016,Tue Apr 19 13:11:44 PDT 2016,Tue Apr 19 13:12:44 PDT 2016,Tue Apr 19 13:13:19 PDT 2016,,,64,100% (1/1),100% (1/1),100% (1/1),predictions_kmeans,7,2,1,,,,,,,,
33NOQL7T9OZS4JR8AFS88J1VMEJ8Z0,3ML4SXAKAKMGPHGL2LN07CIQFN19BD,Rate Similarity of GIFs,Rate overall similarity between the content of two GIFs,"image, gif, similarity, rate",$0.10,Tue Apr 19 13:09:53 PDT 2016,25,BatchId:2362803;,1800,60,Tue Apr 26 13:09:53 PDT 2016,,,3GLB5JMZFXV7GGQORXK1YNVAIZTDGZ,A3BBPCRHAJ61PP,Approved,Tue Apr 19 13:10:42 PDT 2016,Tue Apr 19 13:11:09 PDT 2016,Tue Apr 19 13:12:09 PDT 2016,Tue Apr 19 13:12:05 PDT 2016,,,27,100% (5/5),100% (5/5),100% (5/5),predictions_kmeans,5,3,1,,,,,,,,
33NOQL7T9OZS4JR8AFS88J1VMEJ8Z0,3ML4SXAKAKMGPHGL2LN07CIQFN19BD,Rate Similarity of GIFs,Rate overall similarity between the content of two GIFs,"image, gif, similarity, rate",$0.10,Tue Apr 19 13:09:53 PDT 2016,25,BatchId:2362803;,1800,60,Tue Apr 26 13:09:53 PDT 2016,,,3H7XDTSHKCR6PMQF8SPRQBKVPF0WGS,A1EGJ0KJG2QFB4,Approved,Tue Apr 19 13:13:15 PDT 2016,Tue Apr 19 13:13:25 PDT 2016,Tue Apr 19 13:14:25 PDT 2016,Tue Apr 19 13:14:31 PDT 2016,,,10,100% (5/5),100% (5/5),100% (5/5),predictions_kmeans,8,5,2,,,,,,,,
33NOQL7T9OZS4JR8AFS88J1VMEJ8Z0,3ML4SXAKAKMGPHGL2LN07CIQFN19BD,Rate Similarity of GIFs,Rate overall similarity between the content of two GIFs,"image, gif, similarity, rate",$0.10,Tue Apr 19 13:09:53 PDT 2016,25,BatchId:2362803;,1800,60,Tue Apr 26 13:09:53 PDT 2016,,,3HHRAGRYX85J53U530S7H0LMI06O9H,A2Q4A0C8Y3OQQ0,Approved,Tue Apr 19 13:13:16 PDT 2016,Tue Apr 19 13:32:11 PDT 2016,Tue Apr 19 13:33:11 PDT 2016,2016-04-19 20:35:15 UTC,,,1135,100% (1/1),100% (1/1),100% (1/1),predictions_kmeans,6,5,1,,,,,,,,
33NOQL7T9OZS4JR8AFS88J1VMEJ8Z0,3ML4SXAKAKMGPHGL2LN07CIQFN19BD,Rate Similarity of GIFs,Rate overall similarity between the content of two GIFs,"image, gif, similarity, rate",$0.10,Tue Apr 19 13:09:53 PDT 2016,25,BatchId:2362803;,1800,60,Tue Apr 26 13:09:53 PDT 2016,,,3LPW2N6LKT2VHLCQWWRZ4Q89EQGU5E,A4H1NYJVE7C53,Approved,Tue Apr 19 13:23:49 PDT 2016,Tue Apr 19 13:25:25 PDT 2016,Tue Apr 19 13:26:25 PDT 2016,Tue Apr 19 13:27:57 PDT 2016,,,96,100% (8/8),100% (5/5),100% (5/5),predictions_kmeans,7,5,1,,,,,,,,
33NOQL7T9OZS4JR8AFS88J1VMEJ8Z0,3ML4SXAKAKMGPHGL2LN07CIQFN19BD,Rate Similarity of GIFs,Rate overall similarity between the content of two GIFs,"image, gif, similarity, rate",$0.10,Tue Apr 19 13:09:53 PDT 2016,25,BatchId:2362803;,1800,60,Tue Apr 26 13:09:53 PDT 2016,,,3M0NZ3JDP1YC3K602JQ7LINOG8QZ53,AMYURTQIMAC8T,Approved,Tue Apr 19 13:13:31 PDT 2016,Tue Apr 19 13:13:48 PDT 2016,Tue Apr 19 13:14:48 PDT 2016,Tue Apr 19 13:14:31 PDT 2016,,,17,100% (5/5),100% (5/5),100% (5/5),predictions_kmeans,10,5,4,,,,,,,,
33NOQL7T9OZS4JR8AFS88J1VMEJ8Z0,3ML4SXAKAKMGPHGL2LN07CIQFN19BD,Rate Similarity of GIFs,Rate overall similarity between the content of two GIFs,"image, gif, similarity, rate",$0.10,Tue Apr 19 13:09:53 PDT 2016,25,BatchId:2362803;,1800,60,Tue Apr 26 13:09:53 PDT 2016,,,3N2BF7Y2VQUOK6RCOW1M2DU56D0MHR,AKS9D3O27QH4N,Approved,Tue Apr 19 13:16:36 PDT 2016,Tue Apr 19 13:16:54 PDT 2016,Tue Apr 19 13:17:54 PDT 2016,Tue Apr 19 13:17:32 PDT 2016,,,18,100% (2/2),100% (2/2),100% (2/2),predictions_kmeans,9,8,1,,,,,,,,
33NOQL7T9OZS4JR8AFS88J1VMEJ8Z0,3ML4SXAKAKMGPHGL2LN07CIQFN19BD,Rate Similarity of GIFs,Rate overall similarity between the content of two GIFs,"image, gif, similarity, rate",$0.10,Tue Apr 19 13:09:53 PDT 2016,25,BatchId:2362803;,1800,60,Tue Apr 26 13:09:53 PDT 2016,,,3RRCEFRB7MCYP3ZKI0RUU8A7P9A4BY,AZE084MMZVEYT,Approved,Tue Apr 19 13:13:14 PDT 2016,Tue Apr 19 13:13:39 PDT 2016,Tue Apr 19 13:14:39 PDT 2016,Tue Apr 19 13:14:32 PDT 2016,,,25,100% (6/6),100% (5/5),100% (5/5),predictions_kmeans,1,1,1,,,,,,,,
33NOQL7T9OZS4JR8AFS88J1VMEJ8Z0,3ML4SXAKAKMGPHGL2LN07CIQFN19BD,Rate Similarity of GIFs,Rate overall similarity between the content of two GIFs,"image, gif, similarity, rate",$0.10,Tue Apr 19 13:09:53 PDT 2016,25,BatchId:2362803;,1800,60,Tue Apr 26 13:09:53 PDT 2016,,,3TEM0PF1Q5XA5CF3DVVYDV8UBI60DL,A9KPCMO1J1LQF,Approved,Tue Apr 19 13:14:50 PDT 2016,Tue Apr 19 13:22:00 PDT 2016,Tue Apr 19 13:23:00 PDT 2016,Tue Apr 19 13:23:48 PDT 2016,,,430,100% (6/6),100% (5/5),100% (5/5),predictions_kmeans,9,5,1,,,,,,,,
33NOQL7T9OZS4JR8AFS88J1VMEJ8Z0,3ML4SXAKAKMGPHGL2LN07CIQFN19BD,Rate Similarity of GIFs,Rate overall similarity between the content of two GIFs,"image, gif, similarity, rate",$0.10,Tue Apr 19 13:09:53 PDT 2016,25,BatchId:2362803;,1800,60,Tue Apr 26 13:09:53 PDT 2016,,,3TVSS0C0E10AURCLSSOYPUZKF99WT2,ATADQXPHL10Y8,Approved,Tue Apr 19 13:15:53 PDT 2016,Tue Apr 19 13:16:44 PDT 2016,Tue Apr 19 13:17:44 PDT 2016,Tue Apr 19 13:17:32 PDT 2016,,,51,100% (1/1),100% (1/1),100% (1/1),predictions_kmeans,5,3,1,,,,,,,,
33NOQL7T9OZS4JR8AFS88J1VMEJ8Z0,3ML4SXAKAKMGPHGL2LN07CIQFN19BD,Rate Similarity of GIFs,Rate overall similarity between the content of two GIFs,"image, gif, similarity, rate",$0.10,Tue Apr 19 13:09:53 PDT 2016,25,BatchId:2362803;,1800,60,Tue Apr 26 13:09:53 PDT 2016,,,3VELCLL3GKJ7ALEH0KUOF0UPSNRF1D,A130X6CF795CQ5,Approved,Tue Apr 19 13:11:14 PDT 2016,Tue Apr 19 13:14:06 PDT 2016,Tue Apr 19 13:15:06 PDT 2016,2016-04-19 20:15:15 UTC,,,172,100% (6/6),100% (5/5),100% (5/5),predictions_kmeans,7,5,3,,,,,,,,
33NOQL7T9OZS4JR8AFS88J1VMEJ8Z0,3ML4SXAKAKMGPHGL2LN07CIQFN19BD,Rate Similarity of GIFs,Rate overall similarity between the content of two GIFs,"image, gif, similarity, rate",$0.10,Tue Apr 19 13:09:53 PDT 2016,25,BatchId:2362803;,1800,60,Tue Apr 26 13:09:53 PDT 2016,,,3WETL7AQWT8BIRZ7HCVYHHI91DY35H,A1F1ZJ080IDPZW,Approved,Tue Apr 19 13:26:34 PDT 2016,Tue Apr 19 13:26:58 PDT 2016,Tue Apr 19 13:27:58 PDT 2016,Tue Apr 19 13:29:35 PDT 2016,,,24,100% (5/5),100% (5/5),100% (5/5),predictions_kmeans,9,8,3,,,,,,,,
33NOQL7T9OZS4JR8AFS88J1VMEJ8Z0,3ML4SXAKAKMGPHGL2LN07CIQFN19BD,Rate Similarity of GIFs,Rate overall similarity between the content of two GIFs,"image, gif, similarity, rate",$0.10,Tue Apr 19 13:09:53 PDT 2016,25,BatchId:2362803;,1800,60,Tue Apr 26 13:09:53 PDT 2016,,,3XXU1SWE8MVC75CRTL4WNU0OQF80AI,A3UV55HC87DO9C,Approved,Tue Apr 19 13:12:20 PDT 2016,Tue Apr 19 13:13:47 PDT 2016,Tue Apr 19 13:14:47 PDT 2016,Tue Apr 19 13:14:32 PDT 2016,,,87,100% (6/6),100% (5/5),100% (5/5),predictions_kmeans,2,3,3,,,,,,,,
33NOQL7T9OZS4JR8AFS88J1VMEJ8Z0,3ML4SXAKAKMGPHGL2LN07CIQFN19BD,Rate Similarity of GIFs,Rate overall similarity between the content of two GIFs,"image, gif, similarity, rate",$0.10,Tue Apr 19 13:09:53 PDT 2016,25,BatchId:2362803;,1800,60,Tue Apr 26 13:09:53 PDT 2016,,,3YMU66OBIN8OSWVQDT3RP8A8ARNGHC,A10GZ0SWBZIRBK,Approved,Tue Apr 19 13:12:44 PDT 2016,Tue Apr 19 13:12:56 PDT 2016,Tue Apr 19 13:13:56 PDT 2016,Tue Apr 19 13:14:32 PDT 2016,,,12,100% (5/5),100% (5/5),100% (5/5),predictions_kmeans,8,2,2,,,,,,,,
33NOQL7T9OZS4JR8AFS88J1VMEJ8Z0,3ML4SXAKAKMGPHGL2LN07CIQFN19BD,Rate Similarity of GIFs,Rate overall similarity between the content of two GIFs,"image, gif, similarity, rate",$0.10,Tue Apr 19 13:09:53 PDT 2016,25,BatchId:2362803;,1800,60,Tue Apr 26 13:09:53 PDT 2016,,,3YT88D1N08YE0AKAOZZ4J61RY3NK3D,A2RDNYV4SH5E89,Approved,Tue Apr 19 13:13:09 PDT 2016,Tue Apr 19 13:13:37 PDT 2016,Tue Apr 19 13:14:37 PDT 2016,Tue Apr 19 13:14:32 PDT 2016,,,28,100% (5/5),100% (5/5),100% (5/5),predictions_kmeans,8,3,1,,,,,,,,
33NOQL7T9OZS4JR8AFS88J1VMEJ8Z0,3ML4SXAKAKMGPHGL2LN07CIQFN19BD,Rate Similarity of GIFs,Rate overall similarity between the content of two GIFs,"image, gif, similarity, rate",$0.10,Tue Apr 19 13:09:53 PDT 2016,25,BatchId:2362803;,1800,60,Tue Apr 26 13:09:53 PDT 2016,,,3YZ8UPK3VTMGG6L5B6E7IWEJ67XUCH,A3GLUDQZGEJL5G,Approved,Tue Apr 19 13:13:39 PDT 2016,Tue Apr 19 13:14:08 PDT 2016,Tue Apr 19 13:15:08 PDT 2016,2016-04-19 20:15:15 UTC,,,29,100% (5/5),100% (5/5),100% (5/5),predictions_kmeans,8,7,3,,,,,,,,
33NOQL7T9OZS4JR8AFS88J1VMEJ8Z0,3ML4SXAKAKMGPHGL2LN07CIQFN19BD,Rate Similarity of GIFs,Rate overall similarity between the content of two GIFs,"image, gif, similarity, rate",$0.10,Tue Apr 19 13:09:53 PDT 2016,25,BatchId:2362803;,1800,60,Tue Apr 26 13:09:53 PDT 2016,,,3Z3ZLGNNSIU0BDI514J1FSD0X9IQ3E,A33LCOYO34DTZK,Approved,Tue Apr 19 13:20:21 PDT 2016,Tue Apr 19 13:20:50 PDT 2016,Tue Apr 19 13:21:50 PDT 2016,Tue Apr 19 13:22:24 PDT 2016,,,29,100% (5/5),100% (5/5),100% (5/5),predictions_kmeans,5,1,1,,,,,,,,
3QD8LUVX4XYKC68RBZXKZEBTCOK5XY,3ML4SXAKAKMGPHGL2LN07CIQFN19BD,Rate Similarity of GIFs,Rate overall similarity between the content of two GIFs,"image, gif, similarity, rate",$0.10,Tue Apr 19 13:09:53 PDT 2016,25,BatchId:2362803;,1800,60,Tue Apr 26 13:09:53 PDT 2016,,,333U7HK6I9FH7IGPZ354V0NQAS4JD5,A1QYQHXCJ11UXG,Approved,Tue Apr 19 14:13:09 PDT 2016,Tue Apr 19 14:16:31 PDT 2016,Tue Apr 19 14:17:31 PDT 2016,2016-04-19 21:20:15 UTC,,,202,100% (2/2),100% (2/2),100% (2/2),predictions_mean,5,4,6,,,,3.08,2.68,3.44,,3.0666666667
3QD8LUVX4XYKC68RBZXKZEBTCOK5XY,3ML4SXAKAKMGPHGL2LN07CIQFN19BD,Rate Similarity of GIFs,Rate overall similarity between the content of two GIFs,"image, gif, similarity, rate",$0.10,Tue Apr 19 13:09:53 PDT 2016,25,BatchId:2362803;,1800,60,Tue Apr 26 13:09:53 PDT 2016,,,36DSNE9QZ5Y8BF7EPCJK6UZPE5IJO7,A1EGJ0KJG2QFB4,Approved,Tue Apr 19 13:13:26 PDT 2016,Tue Apr 19 13:13:35 PDT 2016,Tue Apr 19 13:14:35 PDT 2016,2016-04-19 20:15:15 UTC,,,9,100% (5/5),100% (5/5),100% (5/5),predictions_mean,2,3,6,,,,,,,,
3QD8LUVX4XYKC68RBZXKZEBTCOK5XY,3ML4SXAKAKMGPHGL2LN07CIQFN19BD,Rate Similarity of GIFs,Rate overall similarity between the content of two GIFs,"image, gif, similarity, rate",$0.10,Tue Apr 19 13:09:53 PDT 2016,25,BatchId:2362803;,1800,60,Tue Apr 26 13:09:53 PDT 2016,,,37QW5D2ZRGMYPQ3O5P32190CVKH8S1,A1JL8N1PWIFDH2,Approved,Tue Apr 19 14:07:17 PDT 2016,Tue Apr 19 14:07:52 PDT 2016,Tue Apr 19 14:08:52 PDT 2016,2016-04-19 21:10:15 UTC,,,35,100% (3/3),100% (3/3),100% (3/3),predictions_mean,6,4,3,,,,3.08,2.68,3.44,,
3QD8LUVX4XYKC68RBZXKZEBTCOK5XY,3ML4SXAKAKMGPHGL2LN07CIQFN19BD,Rate Similarity of GIFs,Rate overall similarity between the content of two GIFs,"image, gif, similarity, rate",$0.10,Tue Apr 19 13:09:53 PDT 2016,25,BatchId:2362803;,1800,60,Tue Apr 26 13:09:53 PDT 2016,,,37TD41K0AH901TT1M1J73VWVLBVSCK,A2UHMLMFCP9J72,Approved,Tue Apr 19 13:53:05 PDT 2016,Tue Apr 19 13:53:46 PDT 2016,Tue Apr 19 13:54:46 PDT 2016,Tue Apr 19 13:54:37 PDT 2016,,,41,100% (4/4),100% (4/4),100% (4/4),predictions_mean,1,1,1,,,,,,,,
3QD8LUVX4XYKC68RBZXKZEBTCOK5XY,3ML4SXAKAKMGPHGL2LN07CIQFN19BD,Rate Similarity of GIFs,Rate overall similarity between the content of two GIFs,"image, gif, similarity, rate",$0.10,Tue Apr 19 13:09:53 PDT 2016,25,BatchId:2362803;,1800,60,Tue Apr 26 13:09:53 PDT 2016,,,3907X2AHF05QQJL7XRQ7WDIYMZSP27,AZE084MMZVEYT,Approved,Tue Apr 19 13:14:13 PDT 2016,Tue Apr 19 13:14:21 PDT 2016,Tue Apr 19 13:15:21 PDT 2016,Tue Apr 19 13:15:49 PDT 2016,,,8,100% (6/6),100% (5/5),100% (5/5),predictions_mean,1,3,3,,,,1.8239152027,1.4640127504,2.5179356624,,1.9352878718
3QD8LUVX4XYKC68RBZXKZEBTCOK5XY,3ML4SXAKAKMGPHGL2LN07CIQFN19BD,Rate Similarity of GIFs,Rate overall similarity between the content of two GIFs,"image, gif, similarity, rate",$0.10,Tue Apr 19 13:09:53 PDT 2016,25,BatchId:2362803;,1800,60,Tue Apr 26 13:09:53 PDT 2016,,,3A0EX8ZRN8OENAD477F1AXEEKADBYU,A1F1ZJ080IDPZW,Approved,Tue Apr 19 13:23:53 PDT 2016,Tue Apr 19 13:24:59 PDT 2016,Tue Apr 19 13:25:59 PDT 2016,Tue Apr 19 13:26:17 PDT 2016,,,66,100% (5/5),100% (5/5),100% (5/5),predictions_mean,4,5,8,,,,,,,,
3QD8LUVX4XYKC68RBZXKZEBTCOK5XY,3ML4SXAKAKMGPHGL2LN07CIQFN19BD,Rate Similarity of GIFs,Rate overall similarity between the content of two GIFs,"image, gif, similarity, rate",$0.10,Tue Apr 19 13:09:53 PDT 2016,25,BatchId:2362803;,1800,60,Tue Apr 26 13:09:53 PDT 2016,,,3A7Y0R2P2OOV5OL6Q36GP7QIQ9TJXI,A4H1NYJVE7C53,Approved,Tue Apr 19 13:25:56 PDT 2016,Tue Apr 19 13:26:21 PDT 2016,Tue Apr 19 13:27:21 PDT 2016,Tue Apr 19 13:29:31 PDT 2016,,,25,100% (8/8),100% (5/5),100% (5/5),predictions_mean,1,1,2,,,,,,,,
3QD8LUVX4XYKC68RBZXKZEBTCOK5XY,3ML4SXAKAKMGPHGL2LN07CIQFN19BD,Rate Similarity of GIFs,Rate overall similarity between the content of two GIFs,"image, gif, similarity, rate",$0.10,Tue Apr 19 13:09:53 PDT 2016,25,BatchId:2362803;,1800,60,Tue Apr 26 13:09:53 PDT 2016,,,3AAJC4I4FGSKAJLLRLU1MS6TY9LJZ9,A130X6CF795CQ5,Approved,Tue Apr 19 13:11:11 PDT 2016,Tue Apr 19 13:13:11 PDT 2016,Tue Apr 19 13:14:11 PDT 2016,2016-04-19 20:15:15 UTC,,,120,100% (6/6),100% (5/5),100% (5/5),predictions_mean,2,3,4,,,,,,,,
3QD8LUVX4XYKC68RBZXKZEBTCOK5XY,3ML4SXAKAKMGPHGL2LN07CIQFN19BD,Rate Similarity of GIFs,Rate overall similarity between the content of two GIFs,"image, gif, similarity, rate",$0.10,Tue Apr 19 13:09:53 PDT 2016,25,BatchId:2362803;,1800,60,Tue Apr 26 13:09:53 PDT 2016,,,3DYGAII7PL87I2NSZ2G8SVG1256QPM,A2RDNYV4SH5E89,Approved,Tue Apr 19 13:12:49 PDT 2016,Tue Apr 19 13:13:09 PDT 2016,Tue Apr 19 13:14:09 PDT 2016,2016-04-19 20:15:15 UTC,,,20,100% (5/5),100% (5/5),100% (5/5),predictions_mean,2,3,2,,,,,,,,
3QD8LUVX4XYKC68RBZXKZEBTCOK5XY,3ML4SXAKAKMGPHGL2LN07CIQFN19BD,Rate Similarity of GIFs,Rate overall similarity between the content of two GIFs,"image, gif, similarity, rate",$0.10,Tue Apr 19 13:09:53 PDT 2016,25,BatchId:2362803;,1800,60,Tue Apr 26 13:09:53 PDT 2016,,,3FDJT1UU748HEP7E2INXY3ZBCZDK52,A3BBPCRHAJ61PP,Approved,Tue Apr 19 13:11:24 PDT 2016,Tue Apr 19 13:11:36 PDT 2016,Tue Apr 19 13:12:36 PDT 2016,Tue Apr 19 13:13:19 PDT 2016,,,12,100% (5/5),100% (5/5),100% (5/5),predictions_mean,5,3,1,,,,,,,,
3QD8LUVX4XYKC68RBZXKZEBTCOK5XY,3ML4SXAKAKMGPHGL2LN07CIQFN19BD,Rate Similarity of GIFs,Rate overall similarity between the content of two GIFs,"image, gif, similarity, rate",$0.10,Tue Apr 19 13:09:53 PDT 2016,25,BatchId:2362803;,1800,60,Tue Apr 26 13:09:53 PDT 2016,,,3FUI0JHJPXY84CC33T752KKPNH133L,AMYURTQIMAC8T,Approved,Tue Apr 19 13:14:33 PDT 2016,Tue Apr 19 13:14:48 PDT 2016,Tue Apr 19 13:15:48 PDT 2016,Tue Apr 19 13:15:49 PDT 2016,,,15,100% (5/5),100% (5/5),100% (5/5),predictions_mean,4,4,4,,,,,,,,
3QD8LUVX4XYKC68RBZXKZEBTCOK5XY,3ML4SXAKAKMGPHGL2LN07CIQFN19BD,Rate Similarity of GIFs,Rate overall similarity between the content of two GIFs,"image, gif, similarity, rate",$0.10,Tue Apr 19 13:09:53 PDT 2016,25,BatchId:2362803;,1800,60,Tue Apr 26 13:09:53 PDT 2016,,,3GM6G9ZBKNXEPFI7OQIBGWXTH7TTM6,A3RR85PK3AV9TU,Approved,Tue Apr 19 13:11:07 PDT 2016,Tue Apr 19 13:29:23 PDT 2016,Tue Apr 19 13:30:23 PDT 2016,Tue Apr 19 13:31:51 PDT 2016,,,1096,100% (5/5),100% (5/5),100% (5/5),predictions_mean,3,2,2,,,,,,,,
3QD8LUVX4XYKC68RBZXKZEBTCOK5XY,3ML4SXAKAKMGPHGL2LN07CIQFN19BD,Rate Similarity of GIFs,Rate overall similarity between the content of two GIFs,"image, gif, similarity, rate",$0.10,Tue Apr 19 13:09:53 PDT 2016,25,BatchId:2362803;,1800,60,Tue Apr 26 13:09:53 PDT 2016,,,3JRJSWSMQHLBEAS0SDO1LBOME6S3ED,A1BPEPR8BOKBJ,Approved,Tue Apr 19 13:17:08 PDT 2016,Tue Apr 19 13:17:27 PDT 2016,Tue Apr 19 13:18:27 PDT 2016,Tue Apr 19 13:19:20 PDT 2016,,,19,100% (5/5),100% (5/5),100% (5/5),predictions_mean,5,6,7,,,,,,,,
3QD8LUVX4XYKC68RBZXKZEBTCOK5XY,3ML4SXAKAKMGPHGL2LN07CIQFN19BD,Rate Similarity of GIFs,Rate overall similarity between the content of two GIFs,"image, gif, similarity, rate",$0.10,Tue Apr 19 13:09:53 PDT 2016,25,BatchId:2362803;,1800,60,Tue Apr 26 13:09:53 PDT 2016,,,3KMS4QQVK2Q9GM038U06KFQO1U2KFY,A16G6PPH1INQL8,Approved,Tue Apr 19 13:37:10 PDT 2016,Tue Apr 19 13:38:01 PDT 2016,Tue Apr 19 13:39:01 PDT 2016,2016-04-19 20:40:15 UTC,,,51,100% (4/4),100% (4/4),100% (4/4),predictions_mean,7,4,3,,,,,,,,
3QD8LUVX4XYKC68RBZXKZEBTCOK5XY,3ML4SXAKAKMGPHGL2LN07CIQFN19BD,Rate Similarity of GIFs,Rate overall similarity between the content of two GIFs,"image, gif, similarity, rate",$0.10,Tue Apr 19 13:09:53 PDT 2016,25,BatchId:2362803;,1800,60,Tue Apr 26 13:09:53 PDT 2016,,,3LEP4MGT3G0BPZIDBBSNXC4D2M1DBI,AK37IEOYWN5YH,Approved,Tue Apr 19 13:10:35 PDT 2016,Tue Apr 19 13:11:13 PDT 2016,Tue Apr 19 13:12:13 PDT 2016,Tue Apr 19 13:12:06 PDT 2016,,,38,100% (2/2),100% (1/1),100% (1/1),predictions_mean,2,1,1,,,,,,,,
3QD8LUVX4XYKC68RBZXKZEBTCOK5XY,3ML4SXAKAKMGPHGL2LN07CIQFN19BD,Rate Similarity of GIFs,Rate overall similarity between the content of two GIFs,"image, gif, similarity, rate",$0.10,Tue Apr 19 13:09:53 PDT 2016,25,BatchId:2362803;,1800,60,Tue Apr 26 13:09:53 PDT 2016,,,3LO69W1SU3DQESEG4EIPH03FR8XLGP,A9KPCMO1J1LQF,Approved,Tue Apr 19 13:14:49 PDT 2016,Tue Apr 19 13:21:47 PDT 2016,Tue Apr 19 13:22:47 PDT 2016,Tue Apr 19 13:22:24 PDT 2016,,,418,100% (6/6),100% (5/5),100% (5/5),predictions_mean,3,2,6,,,,,,,,
3QD8LUVX4XYKC68RBZXKZEBTCOK5XY,3ML4SXAKAKMGPHGL2LN07CIQFN19BD,Rate Similarity of GIFs,Rate overall similarity between the content of two GIFs,"image, gif, similarity, rate",$0.10,Tue Apr 19 13:09:53 PDT 2016,25,BatchId:2362803;,1800,60,Tue Apr 26 13:09:53 PDT 2016,,,3MB8LZR5BFTVGEAZU534FSV8YQQKL5,A2O8U9FCUBQA97,Approved,Tue Apr 19 13:40:54 PDT 2016,Tue Apr 19 13:41:22 PDT 2016,Tue Apr 19 13:42:22 PDT 2016,Tue Apr 19 13:43:59 PDT 2016,,,28,100% (4/4),100% (4/4),100% (4/4),predictions_mean,3,2,1,,,,,,,,
3QD8LUVX4XYKC68RBZXKZEBTCOK5XY,3ML4SXAKAKMGPHGL2LN07CIQFN19BD,Rate Similarity of GIFs,Rate overall similarity between the content of two GIFs,"image, gif, similarity, rate",$0.10,Tue Apr 19 13:09:53 PDT 2016,25,BatchId:2362803;,1800,60,Tue Apr 26 13:09:53 PDT 2016,,,3NJM2BJS4W63O1D9UKFD8QRKYQ6CP4,AR6MC5TT8YDLY,Approved,Tue Apr 19 13:13:36 PDT 2016,Tue Apr 19 13:14:08 PDT 2016,Tue Apr 19 13:15:08 PDT 2016,2016-04-19 20:15:15 UTC,,,32,100% (5/5),100% (5/5),100% (5/5),predictions_mean,1,1,1,,,,,,,,
3QD8LUVX4XYKC68RBZXKZEBTCOK5XY,3ML4SXAKAKMGPHGL2LN07CIQFN19BD,Rate Similarity of GIFs,Rate overall similarity between the content of two GIFs,"image, gif, similarity, rate",$0.10,Tue Apr 19 13:09:53 PDT 2016,25,BatchId:2362803;,1800,60,Tue Apr 26 13:09:53 PDT 2016,,,3PXX5PX6LXYDRSF1R11L7BW7HJ5BAF,A3UV55HC87DO9C,Approved,Tue Apr 19 13:12:25 PDT 2016,Tue Apr 19 13:14:08 PDT 2016,Tue Apr 19 13:15:08 PDT 2016,2016-04-19 20:15:16 UTC,,,103,100% (6/6),100% (5/5),100% (5/5),predictions_mean,2,5,2,,,,,,,,
3QD8LUVX4XYKC68RBZXKZEBTCOK5XY,3ML4SXAKAKMGPHGL2LN07CIQFN19BD,Rate Similarity of GIFs,Rate overall similarity between the content of two GIFs,"image, gif, similarity, rate",$0.10,Tue Apr 19 13:09:53 PDT 2016,25,BatchId:2362803;,1800,60,Tue Apr 26 13:09:53 PDT 2016,,,3RKNTXVS3MYT6TUSCMRYZXQ17RO4A2,A3GLUDQZGEJL5G,Approved,Tue Apr 19 13:11:25 PDT 2016,Tue Apr 19 13:12:29 PDT 2016,Tue Apr 19 13:13:29 PDT 2016,Tue Apr 19 13:13:19 PDT 2016,,,64,100% (5/5),100% (5/5),100% (5/5),predictions_mean,5,2,8,,,,,,,,
3QD8LUVX4XYKC68RBZXKZEBTCOK5XY,3ML4SXAKAKMGPHGL2LN07CIQFN19BD,Rate Similarity of GIFs,Rate overall similarity between the content of two GIFs,"image, gif, similarity, rate",$0.10,Tue Apr 19 13:09:53 PDT 2016,25,BatchId:2362803;,1800,60,Tue Apr 26 13:09:53 PDT 2016,,,3T3IWE1XG6N5AUGZGJPSX5HYR8RQTR,A2O7H7VXLFN6BP,Approved,Tue Apr 19 13:12:53 PDT 2016,Tue Apr 19 13:13:05 PDT 2016,Tue Apr 19 13:14:05 PDT 2016,2016-04-19 20:15:15 UTC,,,12,100% (5/5),100% (5/5),100% (5/5),predictions_mean,6,1,4,,,,,,,,
3QD8LUVX4XYKC68RBZXKZEBTCOK5XY,3ML4SXAKAKMGPHGL2LN07CIQFN19BD,Rate Similarity of GIFs,Rate overall similarity between the content of two GIFs,"image, gif, similarity, rate",$0.10,Tue Apr 19 13:09:53 PDT 2016,25,BatchId:2362803;,1800,60,Tue Apr 26 13:09:53 PDT 2016,,,3TOK3KHVJTIFRK6CO3UN34UGNAJ7OP,A3ISPUB7WFJSMK,Approved,Tue Apr 19 13:14:31 PDT 2016,Tue Apr 19 13:15:00 PDT 2016,Tue Apr 19 13:16:00 PDT 2016,Tue Apr 19 13:17:32 PDT 2016,,,29,100% (5/5),100% (5/5),100% (5/5),predictions_mean,2,1,1,,,,,,,,
3QD8LUVX4XYKC68RBZXKZEBTCOK5XY,3ML4SXAKAKMGPHGL2LN07CIQFN19BD,Rate Similarity of GIFs,Rate overall similarity between the content of two GIFs,"image, gif, similarity, rate",$0.10,Tue Apr 19 13:09:53 PDT 2016,25,BatchId:2362803;,1800,60,Tue Apr 26 13:09:53 PDT 2016,,,3YT88D1N08YE0AKAOZZ4J61RY3P3KY,A33LCOYO34DTZK,Approved,Tue Apr 19 13:19:00 PDT 2016,Tue Apr 19 13:19:48 PDT 2016,Tue Apr 19 13:20:48 PDT 2016,Tue Apr 19 13:22:24 PDT 2016,,,48,100% (5/5),100% (5/5),100% (5/5),predictions_mean,1,1,1,,,,,,,,
3QD8LUVX4XYKC68RBZXKZEBTCOK5XY,3ML4SXAKAKMGPHGL2LN07CIQFN19BD,Rate Similarity of GIFs,Rate overall similarity between the content of two GIFs,"image, gif, similarity, rate",$0.10,Tue Apr 19 13:09:53 PDT 2016,25,BatchId:2362803;,1800,60,Tue Apr 26 13:09:53 PDT 2016,,,3ZSANO2JCF7745DBD398B1HYIN5SFB,A10GZ0SWBZIRBK,Approved,Tue Apr 19 13:13:27 PDT 2016,Tue Apr 19 13:13:39 PDT 2016,Tue Apr 19 13:14:39 PDT 2016,2016-04-19 20:15:15 UTC,,,12,100% (5/5),100% (5/5),100% (5/5),predictions_mean,2,3,8,,,,,,,,
3QD8LUVX4XYKC68RBZXKZEBTCOK5XY,3ML4SXAKAKMGPHGL2LN07CIQFN19BD,Rate Similarity of GIFs,Rate overall similarity between the content of two GIFs,"image, gif, similarity, rate",$0.10,Tue Apr 19 13:09:53 PDT 2016,25,BatchId:2362803;,1800,60,Tue Apr 26 13:09:53 PDT 2016,,,3ZY8KE4ISJ3KNMKOLEP7YN5JOUQVQX,AU2C0Q45DVGJO,Approved,Tue Apr 19 13:53:39 PDT 2016,Tue Apr 19 13:54:48 PDT 2016,Tue Apr 19 13:55:48 PDT 2016,Tue Apr 19 13:56:32 PDT 2016,,,69,100% (4/4),100% (4/4),100% (4/4),predictions_mean,2,2,1,,,,,,,,
3IKDQS3DQE08LWSBRNKRAAUOGS3CIE,3ML4SXAKAKMGPHGL2LN07CIQFN19BD,Rate Similarity of GIFs,Rate overall similarity between the content of two GIFs,"image, gif, similarity, rate",$0.10,Tue Apr 19 13:09:53 PDT 2016,25,BatchId:2362803;,1800,60,Tue Apr 26 13:09:53 PDT 2016,,,30LSNF239UVY9XY3KW0NNGHM0L42IF,A1F1ZJ080IDPZW,Approved,Tue Apr 19 13:25:56 PDT 2016,Tue Apr 19 13:26:29 PDT 2016,Tue Apr 19 13:27:29 PDT 2016,Tue Apr 19 13:29:35 PDT 2016,,,33,100% (5/5),100% (5/5),100% (5/5),predictions_min_error,6,8,3,,,,3.32,6.44,2.04,,3.9333333333
3IKDQS3DQE08LWSBRNKRAAUOGS3CIE,3ML4SXAKAKMGPHGL2LN07CIQFN19BD,Rate Similarity of GIFs,Rate overall similarity between the content of two GIFs,"image, gif, similarity, rate",$0.10,Tue Apr 19 13:09:53 PDT 2016,25,BatchId:2362803;,1800,60,Tue Apr 26 13:09:53 PDT 2016,,,33PPO7FECVFLC7WJHLK4JZ8QXCQID1,A33LCOYO34DTZK,Approved,Tue Apr 19 13:19:49 PDT 2016,Tue Apr 19 13:20:21 PDT 2016,Tue Apr 19 13:21:21 PDT 2016,Tue Apr 19 13:22:24 PDT 2016,,,32,100% (5/5),100% (5/5),100% (5/5),predictions_min_error,1,5,1,,,,,,,,
3IKDQS3DQE08LWSBRNKRAAUOGS3CIE,3ML4SXAKAKMGPHGL2LN07CIQFN19BD,Rate Similarity of GIFs,Rate overall similarity between the content of two GIFs,"image, gif, similarity, rate",$0.10,Tue Apr 19 13:09:53 PDT 2016,25,BatchId:2362803;,1800,60,Tue Apr 26 13:09:53 PDT 2016,,,37C0GNLMHF35JN1IFKBFMWILOLQD6X,A2RDNYV4SH5E89,Approved,Tue Apr 19 13:11:43 PDT 2016,Tue Apr 19 13:12:08 PDT 2016,Tue Apr 19 13:13:08 PDT 2016,Tue Apr 19 13:13:19 PDT 2016,,,25,100% (5/5),100% (5/5),100% (5/5),predictions_min_error,2,4,1,,,,3.32,6.44,2.04,,
3IKDQS3DQE08LWSBRNKRAAUOGS3CIE,3ML4SXAKAKMGPHGL2LN07CIQFN19BD,Rate Similarity of GIFs,Rate overall similarity between the content of two GIFs,"image, gif, similarity, rate",$0.10,Tue Apr 19 13:09:53 PDT 2016,25,BatchId:2362803;,1800,60,Tue Apr 26 13:09:53 PDT 2016,,,384PI804XS1G71YLALQN8UUUCLES05,A365SN61J4UNGR,Approved,Tue Apr 19 13:11:57 PDT 2016,Tue Apr 19 13:14:53 PDT 2016,Tue Apr 19 13:15:53 PDT 2016,Tue Apr 19 13:17:18 PDT 2016,,,176,100% (1/1),100% (1/1),100% (1/1),predictions_min_error,2,5,1,,,,,,,,
3IKDQS3DQE08LWSBRNKRAAUOGS3CIE,3ML4SXAKAKMGPHGL2LN07CIQFN19BD,Rate Similarity of GIFs,Rate overall similarity between the content of two GIFs,"image, gif, similarity, rate",$0.10,Tue Apr 19 13:09:53 PDT 2016,25,BatchId:2362803;,1800,60,Tue Apr 26 13:09:53 PDT 2016,,,386PBUZZXFX05U4HCK3SEDVVJ0DLJS,AIUKV0KVALMY6,Approved,Tue Apr 19 13:12:42 PDT 2016,Tue Apr 19 13:13:01 PDT 2016,Tue Apr 19 13:14:01 PDT 2016,Tue Apr 19 13:14:32 PDT 2016,,,19,100% (1/1),100% (1/1),100% (1/1),predictions_min_error,3,7,2,,,,1.9304576314,2.3466287876,1.3686976778,,1.8819280323
3IKDQS3DQE08LWSBRNKRAAUOGS3CIE,3ML4SXAKAKMGPHGL2LN07CIQFN19BD,Rate Similarity of GIFs,Rate overall similarity between the content of two GIFs,"image, gif, similarity, rate",$0.10,Tue Apr 19 13:09:53 PDT 2016,25,BatchId:2362803;,1800,60,Tue Apr 26 13:09:53 PDT 2016,,,3ATPCQ38J8A9408C1TF5FMU82SOAYU,A9KPCMO1J1LQF,Approved,Tue Apr 19 13:14:46 PDT 2016,Tue Apr 19 13:21:03 PDT 2016,Tue Apr 19 13:22:03 PDT 2016,Tue Apr 19 13:22:24 PDT 2016,,,377,100% (6/6),100% (5/5),100% (5/5),predictions_min_error,7,8,2,,,,,,,,
3IKDQS3DQE08LWSBRNKRAAUOGS3CIE,3ML4SXAKAKMGPHGL2LN07CIQFN19BD,Rate Similarity of GIFs,Rate overall similarity between the content of two GIFs,"image, gif, similarity, rate",$0.10,Tue Apr 19 13:09:53 PDT 2016,25,BatchId:2362803;,1800,60,Tue Apr 26 13:09:53 PDT 2016,,,3AWETUDC92SOF81F9391ARRTLU1IZ1,A252Z0ZJ7PF59Q,Approved,Tue Apr 19 13:22:51 PDT 2016,Tue Apr 19 13:23:09 PDT 2016,Tue Apr 19 13:24:09 PDT 2016,2016-04-19 20:25:15 UTC,,,18,100% (1/1),100% (1/1),100% (1/1),predictions_min_error,1,8,1,,,,,,,,
3IKDQS3DQE08LWSBRNKRAAUOGS3CIE,3ML4SXAKAKMGPHGL2LN07CIQFN19BD,Rate Similarity of GIFs,Rate overall similarity between the content of two GIFs,"image, gif, similarity, rate",$0.10,Tue Apr 19 13:09:53 PDT 2016,25,BatchId:2362803;,1800,60,Tue Apr 26 13:09:53 PDT 2016,,,3B2X28YI3WFC4Q3Y1OK9R6ULL1Z6B6,A2UHMLMFCP9J72,Approved,Tue Apr 19 13:54:15 PDT 2016,Tue Apr 19 13:54:45 PDT 2016,Tue Apr 19 13:55:45 PDT 2016,Tue Apr 19 13:56:32 PDT 2016,,,30,100% (4/4),100% (4/4),100% (4/4),predictions_min_error,1,1,1,,,,,,,,
3IKDQS3DQE08LWSBRNKRAAUOGS3CIE,3ML4SXAKAKMGPHGL2LN07CIQFN19BD,Rate Similarity of GIFs,Rate overall similarity between the content of two GIFs,"image, gif, similarity, rate",$0.10,Tue Apr 19 13:09:53 PDT 2016,25,BatchId:2362803;,1800,60,Tue Apr 26 13:09:53 PDT 2016,,,3BF51CHDTVARHSK5ZREO4GNS3A00HV,A1BPEPR8BOKBJ,Approved,Tue Apr 19 13:16:46 PDT 2016,Tue Apr 19 13:17:07 PDT 2016,Tue Apr 19 13:18:07 PDT 2016,Tue Apr 19 13:19:20 PDT 2016,,,21,100% (5/5),100% (5/5),100% (5/5),predictions_min_error,7,9,4,,,,,,,,
3IKDQS3DQE08LWSBRNKRAAUOGS3CIE,3ML4SXAKAKMGPHGL2LN07CIQFN19BD,Rate Similarity of GIFs,Rate overall similarity between the content of two GIFs,"image, gif, similarity, rate",$0.10,Tue Apr 19 13:09:53 PDT 2016,25,BatchId:2362803;,1800,60,Tue Apr 26 13:09:53 PDT 2016,,,3DI28L7YXAEF47EL59AIXI9PGNQ1EX,A2O8U9FCUBQA97,Approved,Tue Apr 19 13:42:05 PDT 2016,Tue Apr 19 13:46:05 PDT 2016,Tue Apr 19 13:47:05 PDT 2016,Tue Apr 19 13:47:38 PDT 2016,,,240,100% (4/4),100% (4/4),100% (4/4),predictions_min_error,3,3,1,,,,,,,,
3IKDQS3DQE08LWSBRNKRAAUOGS3CIE,3ML4SXAKAKMGPHGL2LN07CIQFN19BD,Rate Similarity of GIFs,Rate overall similarity between the content of two GIFs,"image, gif, similarity, rate",$0.10,Tue Apr 19 13:09:53 PDT 2016,25,BatchId:2362803;,1800,60,Tue Apr 26 13:09:53 PDT 2016,,,3E13VNJ1NNVRKCG71S09IX7H8FP1IW,A4H1NYJVE7C53,Approved,Tue Apr 19 13:23:13 PDT 2016,Tue Apr 19 13:23:49 PDT 2016,Tue Apr 19 13:24:49 PDT 2016,2016-04-19 20:25:15 UTC,,,36,100% (8/8),100% (5/5),100% (5/5),predictions_min_error,5,7,1,,,,,,,,
3IKDQS3DQE08LWSBRNKRAAUOGS3CIE,3ML4SXAKAKMGPHGL2LN07CIQFN19BD,Rate Similarity of GIFs,Rate overall similarity between the content of two GIFs,"image, gif, similarity, rate",$0.10,Tue Apr 19 13:09:53 PDT 2016,25,BatchId:2362803;,1800,60,Tue Apr 26 13:09:53 PDT 2016,,,3JWH6J9I9SDKBB9Q056QTHG7GRGBND,A16G6PPH1INQL8,Approved,Tue Apr 19 13:38:05 PDT 2016,Tue Apr 19 13:38:43 PDT 2016,Tue Apr 19 13:39:43 PDT 2016,2016-04-19 20:40:15 UTC,,,38,100% (4/4),100% (4/4),100% (4/4),predictions_min_error,6,9,1,,,,,,,,
3IKDQS3DQE08LWSBRNKRAAUOGS3CIE,3ML4SXAKAKMGPHGL2LN07CIQFN19BD,Rate Similarity of GIFs,Rate overall similarity between the content of two GIFs,"image, gif, similarity, rate",$0.10,Tue Apr 19 13:09:53 PDT 2016,25,BatchId:2362803;,1800,60,Tue Apr 26 13:09:53 PDT 2016,,,3K4J6M3CXET9I9NC7NTZ8MN4XWWGA0,A130X6CF795CQ5,Approved,Tue Apr 19 13:11:12 PDT 2016,Tue Apr 19 13:13:44 PDT 2016,Tue Apr 19 13:14:44 PDT 2016,Tue Apr 19 13:14:32 PDT 2016,,,152,100% (6/6),100% (5/5),100% (5/5),predictions_min_error,5,6,2,,,,,,,,
3IKDQS3DQE08LWSBRNKRAAUOGS3CIE,3ML4SXAKAKMGPHGL2LN07CIQFN19BD,Rate Similarity of GIFs,Rate overall similarity between the content of two GIFs,"image, gif, similarity, rate",$0.10,Tue Apr 19 13:09:53 PDT 2016,25,BatchId:2362803;,1800,60,Tue Apr 26 13:09:53 PDT 2016,,,3K9FOBBF2HJWOKV2RIVK7KCCSKJLNX,A3ISPUB7WFJSMK,Approved,Tue Apr 19 13:15:01 PDT 2016,Tue Apr 19 13:15:24 PDT 2016,Tue Apr 19 13:16:24 PDT 2016,Tue Apr 19 13:17:32 PDT 2016,,,23,100% (5/5),100% (5/5),100% (5/5),predictions_min_error,1,4,1,,,,,,,,
3IKDQS3DQE08LWSBRNKRAAUOGS3CIE,3ML4SXAKAKMGPHGL2LN07CIQFN19BD,Rate Similarity of GIFs,Rate overall similarity between the content of two GIFs,"image, gif, similarity, rate",$0.10,Tue Apr 19 13:09:53 PDT 2016,25,BatchId:2362803;,1800,60,Tue Apr 26 13:09:53 PDT 2016,,,3KGTPGBS6XL3IOT3EDP16J5XUGKU28,AR6MC5TT8YDLY,Approved,Tue Apr 19 13:13:14 PDT 2016,Tue Apr 19 13:13:36 PDT 2016,Tue Apr 19 13:14:36 PDT 2016,2016-04-19 20:15:15 UTC,,,22,100% (5/5),100% (5/5),100% (5/5),predictions_min_error,3,3,1,,,,,,,,
3IKDQS3DQE08LWSBRNKRAAUOGS3CIE,3ML4SXAKAKMGPHGL2LN07CIQFN19BD,Rate Similarity of GIFs,Rate overall similarity between the content of two GIFs,"image, gif, similarity, rate",$0.10,Tue Apr 19 13:09:53 PDT 2016,25,BatchId:2362803;,1800,60,Tue Apr 26 13:09:53 PDT 2016,,,3L0KT67Y8EGD4WU6IT1W0MOEOYUSY7,A3UV55HC87DO9C,Approved,Tue Apr 19 13:12:15 PDT 2016,Tue Apr 19 13:13:28 PDT 2016,Tue Apr 19 13:14:28 PDT 2016,Tue Apr 19 13:14:32 PDT 2016,,,73,100% (6/6),100% (5/5),100% (5/5),predictions_min_error,2,8,1,,,,,,,,
3IKDQS3DQE08LWSBRNKRAAUOGS3CIE,3ML4SXAKAKMGPHGL2LN07CIQFN19BD,Rate Similarity of GIFs,Rate overall similarity between the content of two GIFs,"image, gif, similarity, rate",$0.10,Tue Apr 19 13:09:53 PDT 2016,25,BatchId:2362803;,1800,60,Tue Apr 26 13:09:53 PDT 2016,,,3LO69W1SU3DQESEG4EIPH03FR8WGLJ,A1EGJ0KJG2QFB4,Approved,Tue Apr 19 13:12:53 PDT 2016,Tue Apr 19 13:13:04 PDT 2016,Tue Apr 19 13:14:04 PDT 2016,Tue Apr 19 13:14:33 PDT 2016,,,11,100% (5/5),100% (5/5),100% (5/5),predictions_min_error,1,8,2,,,,,,,,
3IKDQS3DQE08LWSBRNKRAAUOGS3CIE,3ML4SXAKAKMGPHGL2LN07CIQFN19BD,Rate Similarity of GIFs,Rate overall similarity between the content of two GIFs,"image, gif, similarity, rate",$0.10,Tue Apr 19 13:09:53 PDT 2016,25,BatchId:2362803;,1800,60,Tue Apr 26 13:09:53 PDT 2016,,,3N1FSUEFL50R40X4WWI0PYY7SUM4D5,A10GZ0SWBZIRBK,Approved,Tue Apr 19 13:13:15 PDT 2016,Tue Apr 19 13:13:26 PDT 2016,Tue Apr 19 13:14:26 PDT 2016,Tue Apr 19 13:14:33 PDT 2016,,,11,100% (5/5),100% (5/5),100% (5/5),predictions_min_error,3,6,4,,,,,,,,
3IKDQS3DQE08LWSBRNKRAAUOGS3CIE,3ML4SXAKAKMGPHGL2LN07CIQFN19BD,Rate Similarity of GIFs,Rate overall similarity between the content of two GIFs,"image, gif, similarity, rate",$0.10,Tue Apr 19 13:09:53 PDT 2016,25,BatchId:2362803;,1800,60,Tue Apr 26 13:09:53 PDT 2016,,,3O7L7BFSHEPQ4DAJDGVOPHQBXOOIER,AZE084MMZVEYT,Approved,Tue Apr 19 13:13:52 PDT 2016,Tue Apr 19 13:14:02 PDT 2016,Tue Apr 19 13:15:02 PDT 2016,2016-04-19 20:15:15 UTC,,,10,100% (6/6),100% (5/5),100% (5/5),predictions_min_error,4,7,4,,,,,,,,
3IKDQS3DQE08LWSBRNKRAAUOGS3CIE,3ML4SXAKAKMGPHGL2LN07CIQFN19BD,Rate Similarity of GIFs,Rate overall similarity between the content of two GIFs,"image, gif, similarity, rate",$0.10,Tue Apr 19 13:09:53 PDT 2016,25,BatchId:2362803;,1800,60,Tue Apr 26 13:09:53 PDT 2016,,,3PPTZCWALQK1W6PYMBEAJTIFC4CQZ6,A2O7H7VXLFN6BP,Approved,Tue Apr 19 13:10:50 PDT 2016,Tue Apr 19 13:11:29 PDT 2016,Tue Apr 19 13:12:29 PDT 2016,Tue Apr 19 13:12:05 PDT 2016,,,39,100% (5/5),100% (5/5),100% (5/5),predictions_min_error,3,8,1,,,,,,,,
3IKDQS3DQE08LWSBRNKRAAUOGS3CIE,3ML4SXAKAKMGPHGL2LN07CIQFN19BD,Rate Similarity of GIFs,Rate overall similarity between the content of two GIFs,"image, gif, similarity, rate",$0.10,Tue Apr 19 13:09:53 PDT 2016,25,BatchId:2362803;,1800,60,Tue Apr 26 13:09:53 PDT 2016,,,3R5F3LQFV2KYBUCI7YM6UONFX3VOZX,A3GLUDQZGEJL5G,Approved,Tue Apr 19 13:14:09 PDT 2016,Tue Apr 19 13:14:32 PDT 2016,Tue Apr 19 13:15:32 PDT 2016,Tue Apr 19 13:17:18 PDT 2016,,,23,100% (5/5),100% (5/5),100% (5/5),predictions_min_error,6,10,3,,,,,,,,
3IKDQS3DQE08LWSBRNKRAAUOGS3CIE,3ML4SXAKAKMGPHGL2LN07CIQFN19BD,Rate Similarity of GIFs,Rate overall similarity between the content of two GIFs,"image, gif, similarity, rate",$0.10,Tue Apr 19 13:09:53 PDT 2016,25,BatchId:2362803;,1800,60,Tue Apr 26 13:09:53 PDT 2016,,,3S4AW7T80BIA2CLW9DGO8B6C13P4LM,AKS9D3O27QH4N,Approved,Tue Apr 19 13:15:50 PDT 2016,Tue Apr 19 13:16:25 PDT 2016,Tue Apr 19 13:17:25 PDT 2016,Tue Apr 19 13:17:32 PDT 2016,,,35,100% (2/2),100% (2/2),100% (2/2),predictions_min_error,3,9,5,,,,,,,,
3IKDQS3DQE08LWSBRNKRAAUOGS3CIE,3ML4SXAKAKMGPHGL2LN07CIQFN19BD,Rate Similarity of GIFs,Rate overall similarity between the content of two GIFs,"image, gif, similarity, rate",$0.10,Tue Apr 19 13:09:53 PDT 2016,25,BatchId:2362803;,1800,60,Tue Apr 26 13:09:53 PDT 2016,,,3U5NZHP4LR2U59OPGCTEJHO0BIAHPH,A3RR85PK3AV9TU,Approved,Tue Apr 19 13:11:21 PDT 2016,Tue Apr 19 13:26:21 PDT 2016,Tue Apr 19 13:27:21 PDT 2016,Tue Apr 19 13:29:35 PDT 2016,,,900,100% (5/5),100% (5/5),100% (5/5),predictions_min_error,2,5,2,,,,,,,,
3IKDQS3DQE08LWSBRNKRAAUOGS3CIE,3ML4SXAKAKMGPHGL2LN07CIQFN19BD,Rate Similarity of GIFs,Rate overall similarity between the content of two GIFs,"image, gif, similarity, rate",$0.10,Tue Apr 19 13:09:53 PDT 2016,25,BatchId:2362803;,1800,60,Tue Apr 26 13:09:53 PDT 2016,,,3UOUJI6MTDE4J4W022AUW9ZT7PLUXJ,AMYURTQIMAC8T,Approved,Tue Apr 19 13:14:20 PDT 2016,Tue Apr 19 13:14:32 PDT 2016,Tue Apr 19 13:15:32 PDT 2016,Tue Apr 19 13:17:18 PDT 2016,,,12,100% (5/5),100% (5/5),100% (5/5),predictions_min_error,3,9,5,,,,,,,,
3IKDQS3DQE08LWSBRNKRAAUOGS3CIE,3ML4SXAKAKMGPHGL2LN07CIQFN19BD,Rate Similarity of GIFs,Rate overall similarity between the content of two GIFs,"image, gif, similarity, rate",$0.10,Tue Apr 19 13:09:53 PDT 2016,25,BatchId:2362803;,1800,60,Tue Apr 26 13:09:53 PDT 2016,,,3XLBSAQ9Z4CRQOKJQC54J21K7EKZ7H,A3BBPCRHAJ61PP,Approved,Tue Apr 19 13:11:09 PDT 2016,Tue Apr 19 13:11:24 PDT 2016,Tue Apr 19 13:12:24 PDT 2016,Tue Apr 19 13:13:19 PDT 2016,,,15,100% (5/5),100% (5/5),100% (5/5),predictions_min_error,3,4,1,,,,,,,,
,,,,,,,,,,,,,,,,,,,,,,,,,,,,,,,,,,,,,,
,,,,,,,,,,,,,,,,,,,,,,,,,,,,,,,,,,,,,,
,,,,,,,,,,,,,,,,,,,,,,,,,,,,,,,,,,,,,,
,,,,,,,,,,,,,,,,,,,,,,,,,,,,,,,,,,,,,,
,,,,,,,,,,,,,,,,,,,,,,,,,,,,,,,,,,,,,,
,,,,,,,,,,,,,,,,,,,,,,,,,,,,,,,,,,1.86641621,1.9721181943,1.8161152075,,
